source_reference_codes,C_rows,molecular_identifiers,candidate_dois_from_year_author_code_json,status,enthalpy_record_ids_json
['1901KAH'],3,3,[],primary_methods_and_data_lineage_review_required,"[""rdr250199#csvline3856"",""rdr250199#csvline4586"",""rdr250199#csvline6436""]"
['1901KAH2'],2,2,[],primary_methods_and_data_lineage_review_required,"[""rdr250199#csvline866"",""rdr250199#csvline3602""]"
['1923AWB/GRI'],1,1,[],primary_methods_and_data_lineage_review_required,"[""rdr250199#csvline5185""]"
"['1926MAT', '2012SAM/NAZ']",2,2,"[""10.1016/j.fluid.2012.08.003""]",primary_methods_and_data_lineage_review_required,"[""rdr250199#csvline4070"",""rdr250199#csvline7562""]"
"['1926MAT', '2014VER/EME']",3,3,"[""10.1016/j.fluid.2014.07.029""]",primary_methods_and_data_lineage_review_required,"[""rdr250199#csvline4955"",""rdr250199#csvline6784"",""rdr250199#csvline6798""]"
"['1926MAT', '2015VER/SAZ']",2,1,"[""10.1021/je500784s""]",primary_methods_and_data_lineage_review_required,"[""rdr250199#csvline4917"",""rdr250199#csvline4918""]"
['1926MAT'],5,5,[],primary_methods_and_data_lineage_review_required,"[""rdr250199#csvline350"",""rdr250199#csvline936"",""rdr250199#csvline4069"",""rdr250199#csvline4954"",""rdr250199#csvline7561""]"
['1930PHI/WAT'],1,1,[],primary_methods_and_data_lineage_review_required,"[""rdr250199#csvline349""]"
['1931FIO/GIN'],2,1,[],primary_methods_and_data_lineage_review_required,"[""rdr250199#csvline5084"",""rdr250199#csvline5085""]"
"['1931MAT/FEH', '2015EME/PIM']",1,1,[],primary_methods_and_data_lineage_review_required,"[""rdr250199#csvline7133""]"
['1931MAT/FEH'],1,1,[],primary_methods_and_data_lineage_review_required,"[""rdr250199#csvline7132""]"
['1940PIT'],2,2,[],primary_methods_and_data_lineage_review_required,"[""rdr250199#csvline7689"",""rdr250199#csvline9072""]"
['1941PIT/GWI'],1,1,[],primary_methods_and_data_lineage_review_required,"[""rdr250199#csvline347""]"
['1943AST/SZA'],1,1,[],primary_methods_and_data_lineage_review_required,"[""rdr250199#csvline5571""]"
['1943LEM/FEL'],4,1,[],primary_methods_and_data_lineage_review_required,"[""rdr250199#csvline6040"",""rdr250199#csvline6041"",""rdr250199#csvline6042"",""rdr250199#csvline6043""]"
['1944RUB/LEV'],1,1,[],primary_methods_and_data_lineage_review_required,"[""rdr250199#csvline810""]"
['1947JON/GIA'],1,1,[],primary_methods_and_data_lineage_review_required,"[""rdr250199#csvline346""]"
['1947OSB/GIN'],14,14,[],primary_methods_and_data_lineage_review_required,"[""rdr250199#csvline5075"",""rdr250199#csvline5568"",""rdr250199#csvline6038"",""rdr250199#csvline6924"",""rdr250199#csvline8244"",""rdr250199#csvline8257"",""rdr250199#csvline8284"",""rdr250199#csvline8303"",""rdr250199#csvline8700"",""rdr250199#csvline9038"",""rdr250199#csvline9070"",""rdr250199#csvline9607"",""rdr250199#csvline10004"",""rdr250199#csvline11064""]"
['1947SCO/WAD'],4,1,[],primary_methods_and_data_lineage_review_required,"[""rdr250199#csvline5076"",""rdr250199#csvline5077"",""rdr250199#csvline5078"",""rdr250199#csvline5079""]"
['1947WAD/DOU'],2,1,[],primary_methods_and_data_lineage_review_required,"[""rdr250199#csvline6036"",""rdr250199#csvline6037""]"
['1947WAD/TOD'],2,1,[],primary_methods_and_data_lineage_review_required,"[""rdr250199#csvline7685"",""rdr250199#csvline7686""]"
['1949WAD/KNO'],3,1,[],primary_methods_and_data_lineage_review_required,"[""rdr250199#csvline2303"",""rdr250199#csvline2304"",""rdr250199#csvline2305""]"
"['1950IWA', '1970HOW/WAD']",1,1,[],primary_methods_and_data_lineage_review_required,"[""rdr250199#csvline864""]"
['1951BAR/MCC'],1,1,[],primary_methods_and_data_lineage_review_required,"[""rdr250199#csvline10251""]"
['1951MCC/PER'],2,1,[],primary_methods_and_data_lineage_review_required,"[""rdr250199#csvline5566"",""rdr250199#csvline5567""]"
['1952HUB/FIN'],3,1,[],primary_methods_and_data_lineage_review_required,"[""rdr250199#csvline2857"",""rdr250199#csvline2858"",""rdr250199#csvline2859""]"
['1952SCO/FIN'],3,1,[],primary_methods_and_data_lineage_review_required,"[""rdr250199#csvline3313"",""rdr250199#csvline3314"",""rdr250199#csvline3315""]"
['1952SCO/FIN2'],2,1,[],primary_methods_and_data_lineage_review_required,"[""rdr250199#csvline3339"",""rdr250199#csvline3340""]"
['1954MCC/SCO'],4,1,[],primary_methods_and_data_lineage_review_required,"[""rdr250199#csvline341"",""rdr250199#csvline342"",""rdr250199#csvline343"",""rdr250199#csvline344""]"
['1955WEL'],3,1,[],primary_methods_and_data_lineage_review_required,"[""rdr250199#csvline987"",""rdr250199#csvline988"",""rdr250199#csvline989""]"
['1956SCO/MCC2'],4,1,[],primary_methods_and_data_lineage_review_required,"[""rdr250199#csvline4994"",""rdr250199#csvline4995"",""rdr250199#csvline4996"",""rdr250199#csvline4997""]"
['1957MCC/DOU'],3,1,[],primary_methods_and_data_lineage_review_required,"[""rdr250199#csvline3594"",""rdr250199#csvline3595"",""rdr250199#csvline3596""]"
['1957MCC/HUB'],3,1,[],primary_methods_and_data_lineage_review_required,"[""rdr250199#csvline1203"",""rdr250199#csvline1204"",""rdr250199#csvline1205""]"
['1958HUB/DOU'],3,1,[],primary_methods_and_data_lineage_review_required,"[""rdr250199#csvline1223"",""rdr250199#csvline1224"",""rdr250199#csvline1225""]"
['1959MCC/DOU'],3,1,[],primary_methods_and_data_lineage_review_required,"[""rdr250199#csvline2946"",""rdr250199#csvline2947"",""rdr250199#csvline2948""]"
['1960AIH'],1,1,[],primary_methods_and_data_lineage_review_required,"[""rdr250199#csvline524""]"
['1960MCK/SAG'],3,1,[],primary_methods_and_data_lineage_review_required,"[""rdr250199#csvline9035"",""rdr250199#csvline9036"",""rdr250199#csvline9037""]"
['1960WAD'],1,1,[],primary_methods_and_data_lineage_review_required,"[""rdr250199#csvline5565""]"
['1961MAT/MCK'],5,1,[],primary_methods_and_data_lineage_review_required,"[""rdr250199#csvline1915"",""rdr250199#csvline1916"",""rdr250199#csvline1917"",""rdr250199#csvline1918"",""rdr250199#csvline1919""]"
['1961NIC/KOB'],5,1,[],primary_methods_and_data_lineage_review_required,"[""rdr250199#csvline2689"",""rdr250199#csvline2690"",""rdr250199#csvline2691"",""rdr250199#csvline2692"",""rdr250199#csvline2693""]"
['1962BER/MCK'],4,1,[],primary_methods_and_data_lineage_review_required,"[""rdr250199#csvline3112"",""rdr250199#csvline3113"",""rdr250199#csvline3114"",""rdr250199#csvline3115""]"
['1962DAV/SUN'],1,1,[],primary_methods_and_data_lineage_review_required,"[""rdr250199#csvline2854""]"
['1962HAT/HIL'],1,1,[],primary_methods_and_data_lineage_review_required,"[""rdr250199#csvline5184""]"
['1962WAD/SMI'],3,1,[],primary_methods_and_data_lineage_review_required,"[""rdr250199#csvline168"",""rdr250199#csvline169"",""rdr250199#csvline170""]"
['1962WEB/KIL'],1,1,[],primary_methods_and_data_lineage_review_required,"[""rdr250199#csvline1562""]"
['1963BEN/MCK'],5,1,[],primary_methods_and_data_lineage_review_required,"[""rdr250199#csvline3169"",""rdr250199#csvline3170"",""rdr250199#csvline3171"",""rdr250199#csvline3172"",""rdr250199#csvline3173""]"
['1963HAL/COX'],3,1,[],primary_methods_and_data_lineage_review_required,"[""rdr250199#csvline1951"",""rdr250199#csvline1952"",""rdr250199#csvline1953""]"
['1963MCC/LAI'],14,14,[],primary_methods_and_data_lineage_review_required,"[""rdr250199#csvline409"",""rdr250199#csvline1155"",""rdr250199#csvline1912"",""rdr250199#csvline1949"",""rdr250199#csvline3080"",""rdr250199#csvline3110"",""rdr250199#csvline3143"",""rdr250199#csvline3175"",""rdr250199#csvline4427"",""rdr250199#csvline4435"",""rdr250199#csvline4442"",""rdr250199#csvline4461"",""rdr250199#csvline4474"",""rdr250199#csvline4479""]"
['1963MOR/SUN'],4,4,[],primary_methods_and_data_lineage_review_required,"[""rdr250199#csvline9034"",""rdr250199#csvline11063"",""rdr250199#csvline12363"",""rdr250199#csvline13156""]"
['1964BER/LAR'],4,1,[],primary_methods_and_data_lineage_review_required,"[""rdr250199#csvline1944"",""rdr250199#csvline1945"",""rdr250199#csvline1946"",""rdr250199#csvline1947""]"
['1965COU/HAL'],3,1,[],primary_methods_and_data_lineage_review_required,"[""rdr250199#csvline3075"",""rdr250199#csvline3076"",""rdr250199#csvline3077""]"
['1965PUT/MCE'],1,1,[],primary_methods_and_data_lineage_review_required,"[""rdr250199#csvline863""]"
"['1966WAD', '1996VER/BEC']",1,1,[],primary_methods_and_data_lineage_review_required,"[""rdr250199#csvline5854""]"
['1966WAD'],18,18,[],primary_methods_and_data_lineage_review_required,"[""rdr250199#csvline408"",""rdr250199#csvline1154"",""rdr250199#csvline1910"",""rdr250199#csvline1943"",""rdr250199#csvline2774"",""rdr250199#csvline2873"",""rdr250199#csvline3074"",""rdr250199#csvline3107"",""rdr250199#csvline3140"",""rdr250199#csvline3167"",""rdr250199#csvline3985"",""rdr250199#csvline4088"",""rdr250199#csvline4130"",""rdr250199#csvline4413"",""rdr250199#csvline5829"",""rdr250199#csvline5846"",""rdr250199#csvline6197"",""rdr250199#csvline7534""]"
['1966WAD2'],1,1,[],primary_methods_and_data_lineage_review_required,"[""rdr250199#csvline94""]"
['1967HAL/LEE'],10,3,[],primary_methods_and_data_lineage_review_required,"[""rdr250199#csvline4000"",""rdr250199#csvline4001"",""rdr250199#csvline4002"",""rdr250199#csvline4026"",""rdr250199#csvline4027"",""rdr250199#csvline4028"",""rdr250199#csvline6947"",""rdr250199#csvline6948"",""rdr250199#csvline6949"",""rdr250199#csvline6950""]"
['1967SCO/BER'],3,1,[],primary_methods_and_data_lineage_review_required,"[""rdr250199#csvline2344"",""rdr250199#csvline2345"",""rdr250199#csvline2346""]"
['1968PLA/WIL'],4,4,[],primary_methods_and_data_lineage_review_required,"[""rdr250199#csvline3764"",""rdr250199#csvline3984"",""rdr250199#csvline5394"",""rdr250199#csvline5703""]"
['1968WAD'],11,11,[],primary_methods_and_data_lineage_review_required,"[""rdr250199#csvline933"",""rdr250199#csvline2872"",""rdr250199#csvline2900"",""rdr250199#csvline2911"",""rdr250199#csvline2914"",""rdr250199#csvline2939"",""rdr250199#csvline4212"",""rdr250199#csvline4914"",""rdr250199#csvline4948"",""rdr250199#csvline5952"",""rdr250199#csvline5963""]"
['1969WAD'],8,8,[],primary_methods_and_data_lineage_review_required,"[""rdr250199#csvline1276"",""rdr250199#csvline2098"",""rdr250199#csvline3353"",""rdr250199#csvline3361"",""rdr250199#csvline4585"",""rdr250199#csvline6434"",""rdr250199#csvline6452"",""rdr250199#csvline7867""]"
['1970COU/FEN'],10,3,[],primary_methods_and_data_lineage_review_required,"[""rdr250199#csvline1149"",""rdr250199#csvline1150"",""rdr250199#csvline1151"",""rdr250199#csvline3135"",""rdr250199#csvline3136"",""rdr250199#csvline3137"",""rdr250199#csvline4407"",""rdr250199#csvline4408"",""rdr250199#csvline4409"",""rdr250199#csvline4410""]"
['1970HAR/HEA'],1,1,[],primary_methods_and_data_lineage_review_required,"[""rdr250199#csvline9914""]"
['1970HOW/WAD'],3,3,[],primary_methods_and_data_lineage_review_required,"[""rdr250199#csvline860"",""rdr250199#csvline1561"",""rdr250199#csvline3852""]"
['1970KON/WAD'],8,4,[],primary_methods_and_data_lineage_review_required,"[""rdr250199#csvline984"",""rdr250199#csvline985"",""rdr250199#csvline1751"",""rdr250199#csvline1752"",""rdr250199#csvline2751"",""rdr250199#csvline2752"",""rdr250199#csvline2787"",""rdr250199#csvline2788""]"
['1970KUS/WAD'],2,2,[],primary_methods_and_data_lineage_review_required,"[""rdr250199#csvline4156"",""rdr250199#csvline8926""]"
['1970SEL2'],1,1,[],primary_methods_and_data_lineage_review_required,"[""rdr250199#csvline7533""]"
['1971KUS/WAD'],3,3,[],primary_methods_and_data_lineage_review_required,"[""rdr250199#csvline1960"",""rdr250199#csvline3256"",""rdr250199#csvline4493""]"
['1971KUS/WAD2'],1,1,[],primary_methods_and_data_lineage_review_required,"[""rdr250199#csvline5181""]"
['1971POL/BEN'],32,8,[],primary_methods_and_data_lineage_review_required,"[""rdr250199#csvline402"",""rdr250199#csvline403"",""rdr250199#csvline404"",""rdr250199#csvline405"",""rdr250199#csvline1145"",""rdr250199#csvline1146"",""rdr250199#csvline1147"",""rdr250199#csvline1148"",""rdr250199#csvline1903"",""rdr250199#csvline1904"",""rdr250199#csvline1905"",""rdr250199#csvline1906"",""rdr250199#csvline1938"",""rdr250199#csvline1939"",""rdr250199#csvline1940"",""rdr250199#csvline1941"",""rdr250199#csvline3068"",""rdr250199#csvline3069"",""rdr250199#csvline3070"",""rdr250199#csvline3071"",""rdr250199#csvline3102"",""rdr250199#csvline3103"",""rdr250199#csvline3104"",""rdr250199#csvline3105"",""rdr250199#csvline3131"",""rdr250199#csvline3132"",""rdr250199#csvline3133"",""rdr250199#csvline3134"",""rdr250199#csvline3162"",""rdr250199#csvline3163"",""rdr250199#csvline3164"",""rdr250199#csvline3165""]"
"['1972LAY/WAD', '1971MAN/RIN']",1,1,[],primary_methods_and_data_lineage_review_required,"[""rdr250199#csvline807""]"
['1972LAY/WAD'],1,1,[],primary_methods_and_data_lineage_review_required,"[""rdr250199#csvline745""]"
['1972MAN'],1,1,[],primary_methods_and_data_lineage_review_required,"[""rdr250199#csvline4082""]"
"['1972MOR', '1965COL/COU']",1,1,[],primary_methods_and_data_lineage_review_required,"[""rdr250199#csvline11889""]"
['1972MOR'],1,1,[],primary_methods_and_data_lineage_review_required,"[""rdr250199#csvline12571""]"
['1972MOR2'],2,2,[],primary_methods_and_data_lineage_review_required,"[""rdr250199#csvline12361"",""rdr250199#csvline13154""]"
['1973AND/COU'],3,1,[],primary_methods_and_data_lineage_review_required,"[""rdr250199#csvline804"",""rdr250199#csvline805"",""rdr250199#csvline806""]"
['1973COU/LEE'],5,2,[],primary_methods_and_data_lineage_review_required,"[""rdr250199#csvline397"",""rdr250199#csvline398"",""rdr250199#csvline399"",""rdr250199#csvline400"",""rdr250199#csvline4153""]"
['1973GEI/QUI'],4,4,[],primary_methods_and_data_lineage_review_required,"[""rdr250199#csvline2688"",""rdr250199#csvline4087"",""rdr250199#csvline4129"",""rdr250199#csvline5783""]"
['1973KON'],1,1,[],primary_methods_and_data_lineage_review_required,"[""rdr250199#csvline92""]"
['1973SVO/VES'],32,6,[],primary_methods_and_data_lineage_review_required,"[""rdr250199#csvline391"",""rdr250199#csvline392"",""rdr250199#csvline393"",""rdr250199#csvline394"",""rdr250199#csvline395"",""rdr250199#csvline396"",""rdr250199#csvline1897"",""rdr250199#csvline1898"",""rdr250199#csvline1899"",""rdr250199#csvline1900"",""rdr250199#csvline1901"",""rdr250199#csvline1902"",""rdr250199#csvline3064"",""rdr250199#csvline3065"",""rdr250199#csvline3066"",""rdr250199#csvline3067"",""rdr250199#csvline5062"",""rdr250199#csvline5063"",""rdr250199#csvline5064"",""rdr250199#csvline5065"",""rdr250199#csvline5066"",""rdr250199#csvline5067"",""rdr250199#csvline5326"",""rdr250199#csvline5327"",""rdr250199#csvline5328"",""rdr250199#csvline5329"",""rdr250199#csvline5330"",""rdr250199#csvline5554"",""rdr250199#csvline5555"",""rdr250199#csvline5556"",""rdr250199#csvline5557"",""rdr250199#csvline5558""]"
['1974MAN4'],1,1,[],primary_methods_and_data_lineage_review_required,"[""rdr250199#csvline12360""]"
['1975AND/COU'],3,1,[],primary_methods_and_data_lineage_review_required,"[""rdr250199#csvline6150"",""rdr250199#csvline6151"",""rdr250199#csvline6152""]"
['1975BER/OLO'],1,1,[],primary_methods_and_data_lineage_review_required,"[""rdr250199#csvline5976""]"
['1975FEN/HAR'],3,3,[],primary_methods_and_data_lineage_review_required,"[""rdr250199#csvline4354"",""rdr250199#csvline4384"",""rdr250199#csvline6945""]"
['1975MAS/SCO'],1,1,[],primary_methods_and_data_lineage_review_required,"[""rdr250199#csvline4910""]"
['1976CIH/HYN'],3,1,[],primary_methods_and_data_lineage_review_required,"[""rdr250199#csvline4063"",""rdr250199#csvline4064"",""rdr250199#csvline4065""]"
['1976MEL/MAN'],1,1,[],primary_methods_and_data_lineage_review_required,"[""rdr250199#csvline12359""]"
['1977MAN/SEL'],13,13,[],primary_methods_and_data_lineage_review_required,"[""rdr250199#csvline5875"",""rdr250199#csvline6194"",""rdr250199#csvline7554"",""rdr250199#csvline7784"",""rdr250199#csvline8730"",""rdr250199#csvline8914"",""rdr250199#csvline9182"",""rdr250199#csvline10071"",""rdr250199#csvline11175"",""rdr250199#csvline12322"",""rdr250199#csvline12718"",""rdr250199#csvline13115"",""rdr250199#csvline13183""]"
['1977STRI/SUN'],4,4,[],primary_methods_and_data_lineage_review_required,"[""rdr250199#csvline8620"",""rdr250199#csvline11490"",""rdr250199#csvline12241"",""rdr250199#csvline13059""]"
['1977SVO/MAJ'],5,1,[],primary_methods_and_data_lineage_review_required,"[""rdr250199#csvline2867"",""rdr250199#csvline2868"",""rdr250199#csvline2869"",""rdr250199#csvline2870"",""rdr250199#csvline2871""]"
['1977SVO/VES'],13,3,[],primary_methods_and_data_lineage_review_required,"[""rdr250199#csvline2767"",""rdr250199#csvline2768"",""rdr250199#csvline2769"",""rdr250199#csvline2770"",""rdr250199#csvline2771"",""rdr250199#csvline4078"",""rdr250199#csvline4079"",""rdr250199#csvline4080"",""rdr250199#csvline4081"",""rdr250199#csvline4123"",""rdr250199#csvline4124"",""rdr250199#csvline4125"",""rdr250199#csvline4126""]"
['1979KUD/KUD'],1,1,[],primary_methods_and_data_lineage_review_required,"[""rdr250199#csvline239""]"
['1979MAJ/SVO'],26,6,[],primary_methods_and_data_lineage_review_required,"[""rdr250199#csvline5548"",""rdr250199#csvline5549"",""rdr250199#csvline5550"",""rdr250199#csvline5551"",""rdr250199#csvline5552"",""rdr250199#csvline5553"",""rdr250199#csvline6029"",""rdr250199#csvline6030"",""rdr250199#csvline6031"",""rdr250199#csvline6032"",""rdr250199#csvline7360"",""rdr250199#csvline7361"",""rdr250199#csvline7362"",""rdr250199#csvline7363"",""rdr250199#csvline7676"",""rdr250199#csvline7677"",""rdr250199#csvline7678"",""rdr250199#csvline7679"",""rdr250199#csvline9028"",""rdr250199#csvline9029"",""rdr250199#csvline9030"",""rdr250199#csvline9031"",""rdr250199#csvline9064"",""rdr250199#csvline9065"",""rdr250199#csvline9066"",""rdr250199#csvline9067""]"
['1979MAJ/SVO2'],17,4,[],primary_methods_and_data_lineage_review_required,"[""rdr250199#csvline3348"",""rdr250199#csvline3349"",""rdr250199#csvline3350"",""rdr250199#csvline3351"",""rdr250199#csvline3352"",""rdr250199#csvline3356"",""rdr250199#csvline3357"",""rdr250199#csvline3358"",""rdr250199#csvline3359"",""rdr250199#csvline5973"",""rdr250199#csvline5974"",""rdr250199#csvline5975"",""rdr250199#csvline6444"",""rdr250199#csvline6445"",""rdr250199#csvline6446"",""rdr250199#csvline6447"",""rdr250199#csvline6448""]"
['1979SEV'],2,1,[],primary_methods_and_data_lineage_review_required,"[""rdr250199#csvline11173"",""rdr250199#csvline11174""]"
['1979SUN/SVE'],3,1,[],primary_methods_and_data_lineage_review_required,"[""rdr250199#csvline13151"",""rdr250199#csvline13152"",""rdr250199#csvline13153""]"
['1979SUN/SVE2'],3,3,[],primary_methods_and_data_lineage_review_required,"[""rdr250199#csvline2684"",""rdr250199#csvline4106"",""rdr250199#csvline7519""]"
['1980FUC/PEA'],1,1,[],primary_methods_and_data_lineage_review_required,"[""rdr250199#csvline8913""]"
['1980MAJ/SVA'],24,5,[],primary_methods_and_data_lineage_review_required,"[""rdr250199#csvline87"",""rdr250199#csvline88"",""rdr250199#csvline89"",""rdr250199#csvline90"",""rdr250199#csvline91"",""rdr250199#csvline516"",""rdr250199#csvline517"",""rdr250199#csvline518"",""rdr250199#csvline519"",""rdr250199#csvline520"",""rdr250199#csvline739"",""rdr250199#csvline740"",""rdr250199#csvline741"",""rdr250199#csvline742"",""rdr250199#csvline796"",""rdr250199#csvline797"",""rdr250199#csvline798"",""rdr250199#csvline799"",""rdr250199#csvline800"",""rdr250199#csvline927"",""rdr250199#csvline928"",""rdr250199#csvline929"",""rdr250199#csvline930"",""rdr250199#csvline931""]"
['1980MAJ/WAG'],31,7,[],primary_methods_and_data_lineage_review_required,"[""rdr250199#csvline3184"",""rdr250199#csvline3185"",""rdr250199#csvline4347"",""rdr250199#csvline4348"",""rdr250199#csvline4349"",""rdr250199#csvline4350"",""rdr250199#csvline4351"",""rdr250199#csvline4377"",""rdr250199#csvline4378"",""rdr250199#csvline4379"",""rdr250199#csvline4380"",""rdr250199#csvline6107"",""rdr250199#csvline6108"",""rdr250199#csvline6109"",""rdr250199#csvline6110"",""rdr250199#csvline6111"",""rdr250199#csvline6143"",""rdr250199#csvline6144"",""rdr250199#csvline6145"",""rdr250199#csvline6146"",""rdr250199#csvline6147"",""rdr250199#csvline6163"",""rdr250199#csvline6164"",""rdr250199#csvline6165"",""rdr250199#csvline6166"",""rdr250199#csvline6167"",""rdr250199#csvline9121"",""rdr250199#csvline9122"",""rdr250199#csvline9123"",""rdr250199#csvline9124"",""rdr250199#csvline9125""]"
['1980SVO/UCH'],15,5,[],primary_methods_and_data_lineage_review_required,"[""rdr250199#csvline2764"",""rdr250199#csvline2765"",""rdr250199#csvline2766"",""rdr250199#csvline4059"",""rdr250199#csvline4060"",""rdr250199#csvline4061"",""rdr250199#csvline4076"",""rdr250199#csvline4077"",""rdr250199#csvline4120"",""rdr250199#csvline4121"",""rdr250199#csvline4122"",""rdr250199#csvline5821"",""rdr250199#csvline5822"",""rdr250199#csvline5823"",""rdr250199#csvline5824""]"
['1981GAT/STR'],8,8,[],primary_methods_and_data_lineage_review_required,"[""rdr250199#csvline2683"",""rdr250199#csvline3770"",""rdr250199#csvline3997"",""rdr250199#csvline4023"",""rdr250199#csvline4104"",""rdr250199#csvline5872"",""rdr250199#csvline7517"",""rdr250199#csvline7531""]"
['1981HOS/SCO'],2,2,[],primary_methods_and_data_lineage_review_required,"[""rdr250199#csvline2723"",""rdr250199#csvline4650""]"
['1981HOS/SCO2'],1,1,[],primary_methods_and_data_lineage_review_required,"[""rdr250199#csvline9027""]"
['1981HOS/SCO3'],18,3,[],primary_methods_and_data_lineage_review_required,"[""rdr250199#csvline8273"",""rdr250199#csvline8274"",""rdr250199#csvline8275"",""rdr250199#csvline8276"",""rdr250199#csvline8277"",""rdr250199#csvline8278"",""rdr250199#csvline8296"",""rdr250199#csvline8297"",""rdr250199#csvline8298"",""rdr250199#csvline8299"",""rdr250199#csvline8300"",""rdr250199#csvline8301"",""rdr250199#csvline9409"",""rdr250199#csvline9410"",""rdr250199#csvline9411"",""rdr250199#csvline9412"",""rdr250199#csvline9413"",""rdr250199#csvline9414""]"
['1981SVO/CHA'],5,1,[],primary_methods_and_data_lineage_review_required,"[""rdr250199#csvline8692"",""rdr250199#csvline8693"",""rdr250199#csvline8694"",""rdr250199#csvline8695"",""rdr250199#csvline8696""]"
['1981TEK/MAJ'],22,4,[],primary_methods_and_data_lineage_review_required,"[""rdr250199#csvline2893"",""rdr250199#csvline2894"",""rdr250199#csvline2895"",""rdr250199#csvline2896"",""rdr250199#csvline2897"",""rdr250199#csvline2898"",""rdr250199#csvline2906"",""rdr250199#csvline2907"",""rdr250199#csvline2908"",""rdr250199#csvline2909"",""rdr250199#csvline2910"",""rdr250199#csvline4206"",""rdr250199#csvline4207"",""rdr250199#csvline4208"",""rdr250199#csvline4209"",""rdr250199#csvline4210"",""rdr250199#csvline4211"",""rdr250199#csvline5946"",""rdr250199#csvline5947"",""rdr250199#csvline5948"",""rdr250199#csvline5949"",""rdr250199#csvline5950""]"
['1981VAR/BUL'],1,1,[],primary_methods_and_data_lineage_review_required,"[""rdr250199#csvline7909""]"
['1981VAR/BUL2'],1,1,[],primary_methods_and_data_lineage_review_required,"[""rdr250199#csvline4892""]"
['1982BYS/MAN'],1,1,[],primary_methods_and_data_lineage_review_required,"[""rdr250199#csvline2758""]"
['1982FUC/PEA'],2,2,[],primary_methods_and_data_lineage_review_required,"[""rdr250199#csvline3062"",""rdr250199#csvline9120""]"
['1982FUR/SAK'],3,3,[],primary_methods_and_data_lineage_review_required,"[""rdr250199#csvline5546"",""rdr250199#csvline8422"",""rdr250199#csvline11059""]"
['1982SVO/CHA'],14,3,[],primary_methods_and_data_lineage_review_required,"[""rdr250199#csvline8293"",""rdr250199#csvline8294"",""rdr250199#csvline8295"",""rdr250199#csvline8723"",""rdr250199#csvline8724"",""rdr250199#csvline8725"",""rdr250199#csvline8726"",""rdr250199#csvline8727"",""rdr250199#csvline9058"",""rdr250199#csvline9059"",""rdr250199#csvline9060"",""rdr250199#csvline9061"",""rdr250199#csvline9062"",""rdr250199#csvline9063""]"
['1983FUC/HAL'],1,1,[],primary_methods_and_data_lineage_review_required,"[""rdr250199#csvline3769""]"
['1983UCH/MAJ'],4,4,[],primary_methods_and_data_lineage_review_required,"[""rdr250199#csvline2682"",""rdr250199#csvline3996"",""rdr250199#csvline4022"",""rdr250199#csvline5781""]"
['1984MAJ/SVO'],9,2,[],primary_methods_and_data_lineage_review_required,"[""rdr250199#csvline3125"",""rdr250199#csvline3126"",""rdr250199#csvline3127"",""rdr250199#csvline3128"",""rdr250199#csvline3155"",""rdr250199#csvline3156"",""rdr250199#csvline3157"",""rdr250199#csvline3158"",""rdr250199#csvline3159""]"
['1984MAJ/SVO2'],5,1,[],primary_methods_and_data_lineage_review_required,"[""rdr250199#csvline3587"",""rdr250199#csvline3588"",""rdr250199#csvline3589"",""rdr250199#csvline3590"",""rdr250199#csvline3591""]"
['1984MAJ/SVO3'],3,1,[],primary_methods_and_data_lineage_review_required,"[""rdr250199#csvline9999"",""rdr250199#csvline10000"",""rdr250199#csvline10001""]"
['1985KUS'],3,3,[],primary_methods_and_data_lineage_review_required,"[""rdr250199#csvline1220"",""rdr250199#csvline3335"",""rdr250199#csvline3346""]"
['1985MAJ/SVO2'],32,7,[],primary_methods_and_data_lineage_review_required,"[""rdr250199#csvline4401"",""rdr250199#csvline4402"",""rdr250199#csvline4403"",""rdr250199#csvline4404"",""rdr250199#csvline4419"",""rdr250199#csvline4420"",""rdr250199#csvline4421"",""rdr250199#csvline4422"",""rdr250199#csvline4423"",""rdr250199#csvline4424"",""rdr250199#csvline4454"",""rdr250199#csvline4455"",""rdr250199#csvline4456"",""rdr250199#csvline4457"",""rdr250199#csvline4458"",""rdr250199#csvline4459"",""rdr250199#csvline4468"",""rdr250199#csvline4469"",""rdr250199#csvline4470"",""rdr250199#csvline4471"",""rdr250199#csvline4472"",""rdr250199#csvline6205"",""rdr250199#csvline6206"",""rdr250199#csvline6207"",""rdr250199#csvline6208"",""rdr250199#csvline6209"",""rdr250199#csvline7095"",""rdr250199#csvline7096"",""rdr250199#csvline7097"",""rdr250199#csvline7118"",""rdr250199#csvline7119"",""rdr250199#csvline7120""]"
['1985MAJ/SVO3'],4,1,[],primary_methods_and_data_lineage_review_required,"[""rdr250199#csvline6189"",""rdr250199#csvline6190"",""rdr250199#csvline6191"",""rdr250199#csvline6192""]"
['1985MAR/MAN'],1,1,[],primary_methods_and_data_lineage_review_required,"[""rdr250199#csvline7841""]"
['1985NAT/VIS'],7,2,[],primary_methods_and_data_lineage_review_required,"[""rdr250199#csvline6908"",""rdr250199#csvline6909"",""rdr250199#csvline6910"",""rdr250199#csvline6911"",""rdr250199#csvline8268"",""rdr250199#csvline8269"",""rdr250199#csvline8270""]"
['1985WOR/YER'],4,1,[],primary_methods_and_data_lineage_review_required,"[""rdr250199#csvline6023"",""rdr250199#csvline6024"",""rdr250199#csvline6025"",""rdr250199#csvline6026""]"
['1986MIC/JOS'],1,1,[],primary_methods_and_data_lineage_review_required,"[""rdr250199#csvline3586""]"
['1986NIL/WAD'],1,1,[],primary_methods_and_data_lineage_review_required,"[""rdr250199#csvline8888""]"
['1986YER/WOR'],3,1,[],primary_methods_and_data_lineage_review_required,"[""rdr250199#csvline383"",""rdr250199#csvline384"",""rdr250199#csvline385""]"
['1986YER/WOR2'],1,1,[],primary_methods_and_data_lineage_review_required,"[""rdr250199#csvline7286""]"
['1987ATI/SAI'],5,3,[],primary_methods_and_data_lineage_review_required,"[""rdr250199#csvline8446"",""rdr250199#csvline8447"",""rdr250199#csvline8448"",""rdr250199#csvline10680"",""rdr250199#csvline10686""]"
['1988BAS/NIL'],1,1,[],primary_methods_and_data_lineage_review_required,"[""rdr250199#csvline2017""]"
['1988DON/LIN'],15,3,[],primary_methods_and_data_lineage_review_required,"[""rdr250199#csvline1130"",""rdr250199#csvline1131"",""rdr250199#csvline1132"",""rdr250199#csvline1133"",""rdr250199#csvline1134"",""rdr250199#csvline5047"",""rdr250199#csvline5048"",""rdr250199#csvline5049"",""rdr250199#csvline5050"",""rdr250199#csvline5051"",""rdr250199#csvline5052"",""rdr250199#csvline5538"",""rdr250199#csvline5539"",""rdr250199#csvline5540"",""rdr250199#csvline5541""]"
"['1988KNA/SAB', '1990KNA/SAB2']",3,3,[],primary_methods_and_data_lineage_review_required,"[""rdr250199#csvline1176"",""rdr250199#csvline1999"",""rdr250199#csvline3228""]"
['1989AN/HU'],3,3,[],primary_methods_and_data_lineage_review_required,"[""rdr250199#csvline921"",""rdr250199#csvline1639"",""rdr250199#csvline2647""]"
"['1989AN/ZHE', '1989AN/ZHE2']",1,1,[],primary_methods_and_data_lineage_review_required,"[""rdr250199#csvline4838""]"
['1989VIN/WOR'],5,1,[],primary_methods_and_data_lineage_review_required,"[""rdr250199#csvline1124"",""rdr250199#csvline1125"",""rdr250199#csvline1126"",""rdr250199#csvline1127"",""rdr250199#csvline1128""]"
['1989VOR/KLY'],4,4,[],primary_methods_and_data_lineage_review_required,"[""rdr250199#csvline1196"",""rdr250199#csvline1218"",""rdr250199#csvline3309"",""rdr250199#csvline3333""]"
['1990AN/HE'],1,1,[],primary_methods_and_data_lineage_review_required,"[""rdr250199#csvline2646""]"
['1990KNA/SAB'],1,1,[],primary_methods_and_data_lineage_review_required,"[""rdr250199#csvline6315""]"
['1990LEI/PIL2'],2,2,[],primary_methods_and_data_lineage_review_required,"[""rdr250199#csvline2465"",""rdr250199#csvline3816""]"
['1991ROZ/SAF'],1,1,[],primary_methods_and_data_lineage_review_required,"[""rdr250199#csvline6127""]"
['1991SHA/MIS'],1,1,[],primary_methods_and_data_lineage_review_required,"[""rdr250199#csvline9114""]"
['1991VOR/KLY2'],2,2,[],primary_methods_and_data_lineage_review_required,"[""rdr250199#csvline15727"",""rdr250199#csvline15778""]"
['1992HE/AN'],1,1,[],primary_methods_and_data_lineage_review_required,"[""rdr250199#csvline2644""]"
['1992KOZ/KAB'],1,1,[],primary_methods_and_data_lineage_review_required,"[""rdr250199#csvline5511""]"
['1992PAP/PIM'],1,1,[],primary_methods_and_data_lineage_review_required,"[""rdr250199#csvline4606""]"
['1992SVO/KUB'],11,2,[],primary_methods_and_data_lineage_review_required,"[""rdr250199#csvline5380"",""rdr250199#csvline5381"",""rdr250199#csvline5382"",""rdr250199#csvline5383"",""rdr250199#csvline5384"",""rdr250199#csvline5385"",""rdr250199#csvline5386"",""rdr250199#csvline5774"",""rdr250199#csvline5775"",""rdr250199#csvline5776"",""rdr250199#csvline5777""]"
['1992SVO/KUB2'],5,1,[],primary_methods_and_data_lineage_review_required,"[""rdr250199#csvline888"",""rdr250199#csvline889"",""rdr250199#csvline890"",""rdr250199#csvline891"",""rdr250199#csvline892""]"
['1995RIB/MAT'],1,1,[],primary_methods_and_data_lineage_review_required,"[""rdr250199#csvline10303""]"
['1996VAN/YU'],1,1,[],primary_methods_and_data_lineage_review_required,"[""rdr250199#csvline1502""]"
['1996VAR/PAS'],2,2,[],primary_methods_and_data_lineage_review_required,"[""rdr250199#csvline6013"",""rdr250199#csvline9996""]"
['1996VIT/CHA'],19,5,[],primary_methods_and_data_lineage_review_required,"[""rdr250199#csvline9994"",""rdr250199#csvline9995"",""rdr250199#csvline11044"",""rdr250199#csvline11045"",""rdr250199#csvline11046"",""rdr250199#csvline11047"",""rdr250199#csvline11599"",""rdr250199#csvline11600"",""rdr250199#csvline11601"",""rdr250199#csvline11602"",""rdr250199#csvline11603"",""rdr250199#csvline12349"",""rdr250199#csvline12350"",""rdr250199#csvline12351"",""rdr250199#csvline13141"",""rdr250199#csvline13142"",""rdr250199#csvline13143"",""rdr250199#csvline13144"",""rdr250199#csvline13145""]"
['1998MAK/KAB'],3,1,[],primary_methods_and_data_lineage_review_required,"[""rdr250199#csvline10367"",""rdr250199#csvline10368"",""rdr250199#csvline10369""]"
['1999COS/EUS'],1,1,[],primary_methods_and_data_lineage_review_required,"[""rdr250199#csvline5687""]"
['1999MO/YAN'],2,2,[],primary_methods_and_data_lineage_review_required,"[""rdr250199#csvline2421"",""rdr250199#csvline10327""]"
['1999RIB/RIB'],1,1,[],primary_methods_and_data_lineage_review_required,"[""rdr250199#csvline3752""]"
['2000MAT/MIR'],1,1,[],primary_methods_and_data_lineage_review_required,"[""rdr250199#csvline8386""]"
['2000RIB/RIB2'],2,2,[],primary_methods_and_data_lineage_review_required,"[""rdr250199#csvline9381"",""rdr250199#csvline9383""]"
['2002VAR/AIT'],1,1,[],primary_methods_and_data_lineage_review_required,"[""rdr250199#csvline9112""]"
['2002VAR/PAS'],1,1,[],primary_methods_and_data_lineage_review_required,"[""rdr250199#csvline7767""]"
['2003EUS/LOP'],3,3,[],primary_methods_and_data_lineage_review_required,"[""rdr250199#csvline3206"",""rdr250199#csvline3214"",""rdr250199#csvline3227""]"
['2003MAT/MIR'],1,1,"[""10.1021/je025641j""]",primary_methods_and_data_lineage_review_required,"[""rdr250199#csvline7003""]"
['2003ZAI/VER'],1,1,"[""10.1021/je025634v""]",primary_methods_and_data_lineage_review_required,"[""rdr250199#csvline10840""]"
"['2004PAU/ZAI', '2003ZAI/VER']",4,4,"[""10.1021/je025634v""]",primary_methods_and_data_lineage_review_required,"[""rdr250199#csvline7280"",""rdr250199#csvline8559"",""rdr250199#csvline9776"",""rdr250199#csvline11453""]"
['2004PAU/ZAI'],1,1,[],primary_methods_and_data_lineage_review_required,"[""rdr250199#csvline10839""]"
['2006RIB/CAB2'],1,1,[],primary_methods_and_data_lineage_review_required,"[""rdr250199#csvline11598""]"
['2006RIB/CAB5'],1,1,[],primary_methods_and_data_lineage_review_required,"[""rdr250199#csvline5990""]"
['2007PAS/KUZ'],3,3,[],primary_methods_and_data_lineage_review_required,"[""rdr250199#csvline6012"",""rdr250199#csvline9993"",""rdr250199#csvline11597""]"
['2007RIB/FRE'],2,2,"[""10.1021/je060472e""]",primary_methods_and_data_lineage_review_required,"[""rdr250199#csvline6880"",""rdr250199#csvline6883""]"
['2007RIB/SAN'],1,1,"[""10.1016/j.jct.2007.03.009""]",primary_methods_and_data_lineage_review_required,"[""rdr250199#csvline5299""]"
['2007RIC/BER'],1,1,[],primary_methods_and_data_lineage_review_required,"[""rdr250199#csvline6972""]"
['2007ROU/TEM'],1,1,[],primary_methods_and_data_lineage_review_required,"[""rdr250199#csvline5140""]"
['2008RIB/FIG'],1,1,[],primary_methods_and_data_lineage_review_required,"[""rdr250199#csvline2422""]"
['2008RIB/SAN2'],1,1,[],primary_methods_and_data_lineage_review_required,"[""rdr250199#csvline3552""]"
['2008ROU/LIM'],1,1,[],primary_methods_and_data_lineage_review_required,"[""rdr250199#csvline13458""]"
['2009MEL/PIM'],1,1,"[""10.1016/j.jct.2008.12.015""]",primary_methods_and_data_lineage_review_required,"[""rdr250199#csvline13491""]"
['2009RIB/AMA'],1,1,"[""10.1016/j.jct.2008.08.004"",""10.1016/j.jct.2008.09.013""]",primary_methods_and_data_lineage_review_required,"[""rdr250199#csvline5139""]"
['2009RIB/CAB2'],1,1,[],primary_methods_and_data_lineage_review_required,"[""rdr250199#csvline9395""]"
['2009ZAI/PAU'],1,1,"[""10.1021/je900093h""]",primary_methods_and_data_lineage_review_required,"[""rdr250199#csvline12300""]"
['2010RIB/AMA'],2,2,[],primary_methods_and_data_lineage_review_required,"[""rdr250199#csvline3629"",""rdr250199#csvline5146""]"
['2011MIR/KON'],1,1,[],primary_methods_and_data_lineage_review_required,"[""rdr250199#csvline2998""]"
['2012Z/NES'],1,1,[],primary_methods_and_data_lineage_review_required,"[""rdr250199#csvline13260""]"
['2013DAV/KIL'],1,1,"[""10.1016/j.jct.2012.10.011""]",primary_methods_and_data_lineage_review_required,"[""rdr250199#csvline867""]"
['2013STE/FUL'],1,1,"[""10.1016/j.jct.2013.01.009""]",primary_methods_and_data_lineage_review_required,"[""rdr250199#csvline10618""]"
['2014FRE/GOM2'],1,1,[],primary_methods_and_data_lineage_review_required,"[""rdr250199#csvline2980""]"
['2014FRE/LEI'],1,1,[],primary_methods_and_data_lineage_review_required,"[""rdr250199#csvline5983""]"
['2014PIM/PAS'],1,1,[],primary_methods_and_data_lineage_review_required,"[""rdr250199#csvline12551""]"
['2014SIM/AGA'],1,1,[],primary_methods_and_data_lineage_review_required,"[""rdr250199#csvline6936""]"
['2015PAS/MIR'],6,1,[],primary_methods_and_data_lineage_review_required,"[""rdr250199#csvline13252"",""rdr250199#csvline13253"",""rdr250199#csvline13254"",""rdr250199#csvline13255"",""rdr250199#csvline13256"",""rdr250199#csvline13257""]"
['2015ZAI/PAU'],1,1,"[""10.1016/j.jct.2015.07.028""]",primary_methods_and_data_lineage_review_required,"[""rdr250199#csvline3966""]"
['2021FRE/SIL'],1,1,[],primary_methods_and_data_lineage_review_required,"[""rdr250199#csvline16407""]"
