enthalpy_record_id,inchi,name,source_reference_codes,pressure_series_id,pressure_source_doi,pressure_method,H_T_reported_K,H_reported_kJ_mol,local_CC_H_kJ_mol,difference_percent,local_pressure_distinct_T,fit_T_min_K,fit_T_max_K,fit_log10p_RMSE,interpretation
rdr250199#csvline516,InChI=1S/C2Cl4/c3-1(4)2(5)6,tetrachloroethylene,['1980MAJ/SVA'],10.1016/j.fluid.2004.02.021#d2#p1,10.1016/j.fluid.2004.02.021,CCELL:UFactor:2,298.0,39.7,40.1066423781388,1.0242881061430684,7,283.15,313.15,0.0032534573966859735,descriptive_approximate_CC_diagnostic_not_independence_or_accuracy_validation
rdr250199#csvline517,InChI=1S/C2Cl4/c3-1(4)2(5)6,tetrachloroethylene,['1980MAJ/SVA'],10.1016/j.fluid.2004.02.021#d2#p1,10.1016/j.fluid.2004.02.021,CCELL:UFactor:2,313.0,38.9,39.14867781218196,0.6392745814446266,7,293.15,323.15,0.002130358450675049,descriptive_approximate_CC_diagnostic_not_independence_or_accuracy_validation
rdr250199#csvline524,InChI=1S/C2Cl4/c3-1(4)2(5)6,tetrachloroethylene,['1960AIH'],10.1016/j.fluid.2004.02.021#d2#p1,10.1016/j.fluid.2004.02.021,CCELL:UFactor:2,298.0,39.6,40.1066423781388,1.2793999447949485,7,283.15,313.15,0.0032534573966859735,descriptive_approximate_CC_diagnostic_not_independence_or_accuracy_validation
rdr250199#csvline739,InChI=1S/C2H2Cl4/c3-1(4)2(5)6/h1-2H,"1,1,2,2-tetrachloroethane",['1980MAJ/SVA'],10.1016/j.fluid.2004.02.021#d1#p1,10.1016/j.fluid.2004.02.021,CCELL:UFactor:2,313.0,44.7,44.77373945270554,0.16496521858062327,7,293.15,323.15,0.0038880475790030694,descriptive_approximate_CC_diagnostic_not_independence_or_accuracy_validation
rdr250199#csvline745,InChI=1S/C2H2Cl4/c3-1(4)2(5)6/h1-2H,"1,1,2,2-tetrachloroethane",['1972LAY/WAD'],10.1016/j.fluid.2004.02.021#d1#p1,10.1016/j.fluid.2004.02.021,CCELL:UFactor:2,298.0,45.8,45.92223647406541,0.2668918647716377,7,283.15,313.15,0.004236305576085746,descriptive_approximate_CC_diagnostic_not_independence_or_accuracy_validation
rdr250199#csvline860,InChI=1S/C2H3N/c1-2-3/h1H3,acetonitrile,['1970HOW/WAD'],10.1016/j.jct.2011.09.022#d1#p1,10.1016/j.jct.2011.09.022,Closed cell (Static) method,298.0,32.9,34.47110480317144,4.775394538515028,39,278.72,309.92,0.0029008962129352805,descriptive_approximate_CC_diagnostic_not_independence_or_accuracy_validation
rdr250199#csvline863,InChI=1S/C2H3N/c1-2-3/h1H3,acetonitrile,['1965PUT/MCE'],10.1016/j.jct.2011.09.022#d1#p1,10.1016/j.jct.2011.09.022,Closed cell (Static) method,298.0,33.3,34.47110480317144,3.5168312407550917,39,278.72,309.92,0.0029008962129352805,descriptive_approximate_CC_diagnostic_not_independence_or_accuracy_validation
rdr250199#csvline864,InChI=1S/C2H3N/c1-2-3/h1H3,acetonitrile,"['1950IWA', '1970HOW/WAD']",10.1016/j.jct.2011.09.022#d1#p1,10.1016/j.jct.2011.09.022,Closed cell (Static) method,298.0,32.9,34.47110480317144,4.775394538515028,39,278.72,309.92,0.0029008962129352805,descriptive_approximate_CC_diagnostic_not_independence_or_accuracy_validation
rdr250199#csvline921,InChI=1S/C2H4Cl2/c3-1-2-4/h1-2H2,"1,2-dichloroethane",['1989AN/HU'],10.1016/j.jct.2005.07.016#d4#p1,10.1016/j.jct.2005.07.016,CCELL:UFactor:8,298.0,35.1,35.87336038308731,2.203305934721675,8,292.85,309.95,0.0009729898763065703,descriptive_approximate_CC_diagnostic_not_independence_or_accuracy_validation
rdr250199#csvline927,InChI=1S/C2H4Cl2/c3-1-2-4/h1-2H2,"1,2-dichloroethane",['1980MAJ/SVA'],10.1016/j.jct.2005.07.016#d4#p1,10.1016/j.jct.2005.07.016,CCELL:UFactor:8,298.0,35.2,35.87336038308731,1.912955633770757,8,292.85,309.95,0.0009729898763065703,descriptive_approximate_CC_diagnostic_not_independence_or_accuracy_validation
rdr250199#csvline933,InChI=1S/C2H4Cl2/c3-1-2-4/h1-2H2,"1,2-dichloroethane",['1968WAD'],10.1016/j.jct.2005.07.016#d4#p1,10.1016/j.jct.2005.07.016,CCELL:UFactor:8,298.0,35.1,35.87336038308731,2.203305934721675,8,292.85,309.95,0.0009729898763065703,descriptive_approximate_CC_diagnostic_not_independence_or_accuracy_validation
rdr250199#csvline1145,"InChI=1S/C2H6O/c1-2-3/h3H,2H2,1H3",ethanol,['1971POL/BEN'],10.1016/j.fluid.2011.07.002#d1#p1,10.1016/j.fluid.2011.07.002,Closed cell (Static) method,298.0,42.26,42.71065463345361,1.0663857866862512,8,278.15,313.15,0.001399461183145476,descriptive_approximate_CC_diagnostic_not_independence_or_accuracy_validation
rdr250199#csvline1146,"InChI=1S/C2H6O/c1-2-3/h3H,2H2,1H3",ethanol,['1971POL/BEN'],10.1016/j.fluid.2011.07.002#d1#p1,10.1016/j.fluid.2011.07.002,Closed cell (Static) method,308.0,41.7,42.57905606440989,2.108048116090857,6,288.15,313.15,0.0013468576050845484,descriptive_approximate_CC_diagnostic_not_independence_or_accuracy_validation
rdr250199#csvline1154,"InChI=1S/C2H6O/c1-2-3/h3H,2H2,1H3",ethanol,['1966WAD'],10.1016/j.fluid.2011.07.002#d1#p1,10.1016/j.fluid.2011.07.002,Closed cell (Static) method,298.0,42.3,42.71065463345361,0.9708147362969517,8,278.15,313.15,0.001399461183145476,descriptive_approximate_CC_diagnostic_not_independence_or_accuracy_validation
rdr250199#csvline1155,"InChI=1S/C2H6O/c1-2-3/h3H,2H2,1H3",ethanol,['1963MCC/LAI'],10.1016/j.fluid.2011.07.002#d1#p1,10.1016/j.fluid.2011.07.002,Closed cell (Static) method,298.0,42.2,42.71065463345361,1.210082069795272,8,278.15,313.15,0.001399461183145476,descriptive_approximate_CC_diagnostic_not_independence_or_accuracy_validation
rdr250199#csvline1897,"InChI=1S/C3H8O/c1-2-3-4/h4H,2-3H2,1H3",1-propanol,['1973SVO/VES'],10.1021/je0499519#d4#p1,10.1021/je0499519,EBULLIO:UFactor:4,313.0,46.4,46.293981822811276,-0.22848745083776503,7,310.17,332.18,0.0005659352875141263,descriptive_approximate_CC_diagnostic_not_independence_or_accuracy_validation
rdr250199#csvline1898,"InChI=1S/C3H8O/c1-2-3-4/h4H,2-3H2,1H3",1-propanol,['1973SVO/VES'],10.1021/je0499519#d4#p1,10.1021/je0499519,EBULLIO:UFactor:4,323.0,45.7,46.293981822811276,1.2997414065892183,7,310.17,332.18,0.0005659352875141263,descriptive_approximate_CC_diagnostic_not_independence_or_accuracy_validation
rdr250199#csvline1903,"InChI=1S/C3H8O/c1-2-3-4/h4H,2-3H2,1H3",1-propanol,['1971POL/BEN'],10.1021/je300736k#d1#p1,10.1021/je300736k,Closed cell (Static) method,298.0,47.49,47.591796540372464,0.21435363312794622,8,278.15,313.15,0.002303546583187287,descriptive_approximate_CC_diagnostic_not_independence_or_accuracy_validation
rdr250199#csvline1904,"InChI=1S/C3H8O/c1-2-3-4/h4H,2-3H2,1H3",1-propanol,['1971POL/BEN'],10.1021/je300736k#d1#p1,10.1021/je300736k,Closed cell (Static) method,308.0,46.8,47.05464459800964,0.5441123889094889,8,288.15,323.15,0.0017586878925001921,descriptive_approximate_CC_diagnostic_not_independence_or_accuracy_validation
rdr250199#csvline1905,"InChI=1S/C3H8O/c1-2-3-4/h4H,2-3H2,1H3",1-propanol,['1971POL/BEN'],10.1021/je0499519#d4#p1,10.1021/je0499519,EBULLIO:UFactor:4,318.0,46.2,46.293981822811276,0.20342385889885878,7,310.17,332.18,0.0005659352875141263,descriptive_approximate_CC_diagnostic_not_independence_or_accuracy_validation
rdr250199#csvline1906,"InChI=1S/C3H8O/c1-2-3-4/h4H,2-3H2,1H3",1-propanol,['1971POL/BEN'],10.1021/je0499519#d4#p1,10.1021/je0499519,EBULLIO:UFactor:4,328.0,45.0,46.293981822811276,2.8755151618028347,7,310.17,332.18,0.0005659352875141263,descriptive_approximate_CC_diagnostic_not_independence_or_accuracy_validation
rdr250199#csvline1910,"InChI=1S/C3H8O/c1-2-3-4/h4H,2-3H2,1H3",1-propanol,['1966WAD'],10.1021/je300736k#d1#p1,10.1021/je300736k,Closed cell (Static) method,298.0,47.3,47.591796540372464,0.6169060050157854,8,278.15,313.15,0.002303546583187287,descriptive_approximate_CC_diagnostic_not_independence_or_accuracy_validation
rdr250199#csvline1912,"InChI=1S/C3H8O/c1-2-3-4/h4H,2-3H2,1H3",1-propanol,['1963MCC/LAI'],10.1021/je300736k#d1#p1,10.1021/je300736k,Closed cell (Static) method,298.0,46.6,47.591796540372464,2.128318756164082,8,278.15,313.15,0.002303546583187287,descriptive_approximate_CC_diagnostic_not_independence_or_accuracy_validation
rdr250199#csvline1938,"InChI=1S/C3H8O/c1-3(2)4/h3-4H,1-2H3",2-propanol,['1971POL/BEN'],10.1021/acs.jced.8b00765#d12#p1,10.1021/acs.jced.8b00765,Closed cell (Static) method,298.0,45.34,45.81778922653474,1.053791853848123,8,293.16,313.16,0.001947395817078585,descriptive_approximate_CC_diagnostic_not_independence_or_accuracy_validation
rdr250199#csvline1939,"InChI=1S/C3H8O/c1-3(2)4/h3-4H,1-2H3",2-propanol,['1971POL/BEN'],10.1016/j.jct.2018.12.009#d2#p1,10.1016/j.jct.2018.12.009,Closed cell (Static) method,308.0,44.7,46.655146740641065,4.373930068548238,10,301.24,315.8,0.007364766013945145,descriptive_approximate_CC_diagnostic_not_independence_or_accuracy_validation
rdr250199#csvline1943,"InChI=1S/C3H8O/c1-3(2)4/h3-4H,1-2H3",2-propanol,['1966WAD'],10.1021/acs.jced.8b00765#d12#p1,10.1021/acs.jced.8b00765,Closed cell (Static) method,298.0,45.2,45.81778922653474,1.3667903241919015,8,293.16,313.16,0.001947395817078585,descriptive_approximate_CC_diagnostic_not_independence_or_accuracy_validation
rdr250199#csvline1949,"InChI=1S/C3H8O/c1-3(2)4/h3-4H,1-2H3",2-propanol,['1963MCC/LAI'],10.1021/acs.jced.8b00765#d12#p1,10.1021/acs.jced.8b00765,Closed cell (Static) method,298.0,44.0,45.81778922653474,4.1313391512153235,8,293.16,313.16,0.001947395817078585,descriptive_approximate_CC_diagnostic_not_independence_or_accuracy_validation
rdr250199#csvline2098,InChI=1S/C3H10N2/c4-2-1-3-5/h1-5H2,"1,3-diaminopropane",['1969WAD'],10.1016/j.fluid.2014.03.013#d3#p1,10.1016/j.fluid.2014.03.013,Closed cell (Static) method,298.0,50.2,50.79483150689214,1.18492332050226,11,278.15,300.66,0.0018208637435729357,descriptive_approximate_CC_diagnostic_not_independence_or_accuracy_validation
rdr250199#csvline2421,"InChI=1S/C4H6N2/c1-6-4-2-3-5-6/h2-4H,1H3",1-methylpyrazole,['1999MO/YAN'],10.1016/j.jct.2018.07.020#d2#p1,10.1016/j.jct.2018.07.020,Transpiration method,298.0,48.0,45.60274060004977,-4.994290416562978,19,278.7,308.2,0.004888568698030062,descriptive_approximate_CC_diagnostic_not_independence_or_accuracy_validation
rdr250199#csvline2751,"InChI=1S/C4H8O2/c1-2-3-4(5)6/h2-3H2,1H3,(H,5,6)",butanoic acid,['1970KON/WAD'],10.1021/je800888n#d1#p1,10.1021/je800888n,Closed cell (Static) method,298.0,40.5,55.899284342803014,38.022924303217316,9,283.15,313.22,0.0034813246114840228,descriptive_approximate_CC_diagnostic_not_independence_or_accuracy_validation
rdr250199#csvline2752,"InChI=1S/C4H8O2/c1-2-3-4(5)6/h2-3H2,1H3,(H,5,6)",butanoic acid,['1970KON/WAD'],10.1021/je800888n#d1#p1,10.1021/je800888n,Closed cell (Static) method,298.0,58.0,55.899284342803014,-3.621923546891355,9,283.15,313.22,0.0034813246114840228,descriptive_approximate_CC_diagnostic_not_independence_or_accuracy_validation
rdr250199#csvline2758,InChI=1S/C4H8O2/c1-2-6-4-3-5-1/h1-4H2,"1,4-dioxane",['1982BYS/MAN'],10.1021/acs.jced.6b00576#d20#p1,10.1021/acs.jced.6b00576,Diaphragm manometer,298.0,38.6,38.420595050744346,-0.4647796612840811,11,285.11,313.38,0.0018116556866163416,descriptive_approximate_CC_diagnostic_not_independence_or_accuracy_validation
rdr250199#csvline2872,"InChI=1S/C4H9Br/c1-2-3-4-5/h2-4H2,1H3",1-bromobutane,['1968WAD'],10.1021/je020110g#d1#p1,10.1021/je020110g,CCELL:dPV:0.01,298.0,36.6,37.08518082745742,1.3256306761131684,8,278.15,313.15,0.0016484354140027496,descriptive_approximate_CC_diagnostic_not_independence_or_accuracy_validation
rdr250199#csvline2873,"InChI=1S/C4H9Br/c1-2-3-4-5/h2-4H2,1H3",1-bromobutane,['1966WAD'],10.1021/je020110g#d1#p1,10.1021/je020110g,CCELL:dPV:0.01,298.0,36.7,37.08518082745742,1.04953903939351,8,278.15,313.15,0.0016484354140027496,descriptive_approximate_CC_diagnostic_not_independence_or_accuracy_validation
rdr250199#csvline2893,"InChI=1S/C4H9Cl/c1-2-3-4-5/h2-4H2,1H3",1-chlorobutane,['1981TEK/MAJ'],10.1016/j.jct.2003.09.009#d1#p1,10.1016/j.jct.2003.09.009,CCELL:UFactor:2,298.0,33.5,34.30694527180595,2.408791856137167,6,278.15,303.15,0.0009632987586327219,descriptive_approximate_CC_diagnostic_not_independence_or_accuracy_validation
rdr250199#csvline2900,"InChI=1S/C4H9Cl/c1-2-3-4-5/h2-4H2,1H3",1-chlorobutane,['1968WAD'],10.1016/j.jct.2003.09.009#d1#p1,10.1016/j.jct.2003.09.009,CCELL:UFactor:2,298.0,33.5,34.30694527180595,2.408791856137167,6,278.15,303.15,0.0009632987586327219,descriptive_approximate_CC_diagnostic_not_independence_or_accuracy_validation
rdr250199#csvline2939,"InChI=1S/C4H9I/c1-4(2)3-5/h4H,3H2,1-2H3",1-iodo-2-methylpropane,['1968WAD'],10.1021/je100398m#d1#p1,10.1021/je100398m,Closed cell (Static) method,298.0,38.8,39.03508041560156,0.6058773597978494,6,278.35,303.23,0.0009923949820919422,descriptive_approximate_CC_diagnostic_not_independence_or_accuracy_validation
rdr250199#csvline2980,"InChI=1S/C4H9NO/c1-3-6-4-2-5-1/h5H,1-4H2",morpholine,['2014FRE/GOM2'],10.1021/acs.jced.6b00576#d9#p1,10.1021/acs.jced.6b00576,Diaphragm manometer,298.0,46.5,44.79267551132896,-3.6716655670344975,9,278.81,312.01,0.0024068269419504694,descriptive_approximate_CC_diagnostic_not_independence_or_accuracy_validation
rdr250199#csvline3062,"InChI=1S/C4H10O/c1-2-3-4-5/h5H,2-4H2,1H3",1-butanol,['1982FUC/PEA'],10.1021/je200011e#d1#p1,10.1021/je200011e,Closed cell (Static) method,298.0,52.1,52.23028837424003,0.250073654971269,8,278.15,313.15,0.005587886133661014,descriptive_approximate_CC_diagnostic_not_independence_or_accuracy_validation
rdr250199#csvline3064,"InChI=1S/C4H10O/c1-2-3-4-5/h5H,2-4H2,1H3",1-butanol,['1973SVO/VES'],10.1021/je034197x#d5#p1,10.1021/je034197x,Closed cell (Static) method,333.0,49.5,49.75749351107474,0.5201889112621048,8,313.15,348.15,0.002098696114306896,descriptive_approximate_CC_diagnostic_not_independence_or_accuracy_validation
rdr250199#csvline3065,"InChI=1S/C4H10O/c1-2-3-4-5/h5H,2-4H2,1H3",1-butanol,['1973SVO/VES'],10.1021/je034197x#d5#p1,10.1021/je034197x,Closed cell (Static) method,343.0,48.6,49.33226738718178,1.5067230188925482,6,323.15,348.15,0.0010019347214164128,descriptive_approximate_CC_diagnostic_not_independence_or_accuracy_validation
rdr250199#csvline3068,"InChI=1S/C4H10O/c1-2-3-4-5/h5H,2-4H2,1H3",1-butanol,['1971POL/BEN'],10.1021/je200011e#d1#p1,10.1021/je200011e,Closed cell (Static) method,298.0,52.34,52.23028837424003,-0.20961334688569133,8,278.15,313.15,0.005587886133661014,descriptive_approximate_CC_diagnostic_not_independence_or_accuracy_validation
rdr250199#csvline3069,"InChI=1S/C4H10O/c1-2-3-4-5/h5H,2-4H2,1H3",1-butanol,['1971POL/BEN'],10.1021/je200011e#d1#p1,10.1021/je200011e,Closed cell (Static) method,308.0,51.6,51.06546619107482,-1.0359182343511288,8,288.15,323.15,0.003424145802352974,descriptive_approximate_CC_diagnostic_not_independence_or_accuracy_validation
rdr250199#csvline3070,"InChI=1S/C4H10O/c1-2-3-4-5/h5H,2-4H2,1H3",1-butanol,['1971POL/BEN'],10.1021/je034197x#d5#p1,10.1021/je034197x,Closed cell (Static) method,318.0,51.0,50.026781952397165,-1.9082706815741857,8,298.15,333.15,0.007072677815522301,descriptive_approximate_CC_diagnostic_not_independence_or_accuracy_validation
rdr250199#csvline3071,"InChI=1S/C4H10O/c1-2-3-4-5/h5H,2-4H2,1H3",1-butanol,['1971POL/BEN'],10.1021/je034197x#d5#p1,10.1021/je034197x,Closed cell (Static) method,328.0,49.8,50.193658836925664,0.7904795922202146,8,308.15,343.15,0.0025107866043765454,descriptive_approximate_CC_diagnostic_not_independence_or_accuracy_validation
rdr250199#csvline3074,"InChI=1S/C4H10O/c1-2-3-4-5/h5H,2-4H2,1H3",1-butanol,['1966WAD'],10.1021/je200011e#d1#p1,10.1021/je200011e,Closed cell (Static) method,298.0,52.3,52.23028837424003,-0.13329182745691126,8,278.15,313.15,0.005587886133661014,descriptive_approximate_CC_diagnostic_not_independence_or_accuracy_validation
rdr250199#csvline3080,"InChI=1S/C4H10O/c1-2-3-4-5/h5H,2-4H2,1H3",1-butanol,['1963MCC/LAI'],10.1021/je200011e#d1#p1,10.1021/je200011e,Closed cell (Static) method,298.0,51.0,52.23028837424003,2.412330145568691,8,278.15,313.15,0.005587886133661014,descriptive_approximate_CC_diagnostic_not_independence_or_accuracy_validation
rdr250199#csvline3102,"InChI=1S/C4H10O/c1-3-4(2)5/h4-5H,3H2,1-2H3",2-butanol,['1971POL/BEN'],10.1021/acs.jced.6b00576#d21#p1,10.1021/acs.jced.6b00576,Diaphragm manometer,298.0,49.74,50.04564197491953,0.6144792418969267,13,280.73,314.41,0.0028305262088842036,descriptive_approximate_CC_diagnostic_not_independence_or_accuracy_validation
rdr250199#csvline3103,"InChI=1S/C4H10O/c1-3-4(2)5/h4-5H,3H2,1-2H3",2-butanol,['1971POL/BEN'],10.1021/acs.jced.6b00576#d21#p1,10.1021/acs.jced.6b00576,Diaphragm manometer,308.0,48.8,49.59135082043018,1.6216205336684058,9,292.16,314.41,0.002154728442832726,descriptive_approximate_CC_diagnostic_not_independence_or_accuracy_validation
rdr250199#csvline3104,"InChI=1S/C4H10O/c1-3-4(2)5/h4-5H,3H2,1-2H3",2-butanol,['1971POL/BEN'],10.1021/je900050z#d2#p1,10.1021/je900050z,EBULLIO:UFactor:4,318.0,47.9,50.55254172060635,5.537665387487163,32,314.47,334.69,0.003065098884437728,descriptive_approximate_CC_diagnostic_not_independence_or_accuracy_validation
rdr250199#csvline3105,"InChI=1S/C4H10O/c1-3-4(2)5/h4-5H,3H2,1-2H3",2-butanol,['1971POL/BEN'],10.1021/je900050z#d2#p1,10.1021/je900050z,EBULLIO:UFactor:4,328.0,46.1,50.55254172060635,9.658441910208998,32,314.47,334.69,0.003065098884437728,descriptive_approximate_CC_diagnostic_not_independence_or_accuracy_validation
rdr250199#csvline3107,"InChI=1S/C4H10O/c1-3-4(2)5/h4-5H,3H2,1-2H3",2-butanol,['1966WAD'],10.1021/acs.jced.6b00576#d21#p1,10.1021/acs.jced.6b00576,Diaphragm manometer,298.0,49.7,50.04564197491953,0.6954566899789346,13,280.73,314.41,0.0028305262088842036,descriptive_approximate_CC_diagnostic_not_independence_or_accuracy_validation
rdr250199#csvline3110,"InChI=1S/C4H10O/c1-3-4(2)5/h4-5H,3H2,1-2H3",2-butanol,['1963MCC/LAI'],10.1021/acs.jced.6b00576#d21#p1,10.1021/acs.jced.6b00576,Diaphragm manometer,298.0,48.5,50.04564197491953,3.186890669937182,13,280.73,314.41,0.0028305262088842036,descriptive_approximate_CC_diagnostic_not_independence_or_accuracy_validation
rdr250199#csvline3125,"InChI=1S/C4H10O/c1-4(2)3-5/h4-5H,3H2,1-2H3",2-methyl-1-propanol,['1984MAJ/SVO'],10.1021/acs.jced.5b00537#d6#p1,10.1021/acs.jced.5b00537,Ebulliometric method (Recirculating still),298.0,50.8,50.24662837770003,-1.0893142171259254,12,296.87,316.78,0.001502939351408179,descriptive_approximate_CC_diagnostic_not_independence_or_accuracy_validation
rdr250199#csvline3126,"InChI=1S/C4H10O/c1-4(2)3-5/h4-5H,3H2,1-2H3",2-methyl-1-propanol,['1984MAJ/SVO'],10.1021/acs.jced.5b00537#d6#p1,10.1021/acs.jced.5b00537,Ebulliometric method (Recirculating still),313.0,49.7,49.79112041794184,0.18334088117069952,19,296.87,329.02,0.002217332938904188,descriptive_approximate_CC_diagnostic_not_independence_or_accuracy_validation
rdr250199#csvline3127,"InChI=1S/C4H10O/c1-4(2)3-5/h4-5H,3H2,1-2H3",2-methyl-1-propanol,['1984MAJ/SVO'],10.1021/acs.jced.5b00537#d6#p1,10.1021/acs.jced.5b00537,Ebulliometric method (Recirculating still),328.0,48.3,48.75401170413168,0.9399828242891936,20,309.88,342.52,0.0017582470723649392,descriptive_approximate_CC_diagnostic_not_independence_or_accuracy_validation
rdr250199#csvline3131,"InChI=1S/C4H10O/c1-4(2)3-5/h4-5H,3H2,1-2H3",2-methyl-1-propanol,['1971POL/BEN'],10.1021/acs.jced.5b00537#d6#p1,10.1021/acs.jced.5b00537,Ebulliometric method (Recirculating still),298.0,50.79,50.24662837770003,-1.0698397761369798,12,296.87,316.78,0.001502939351408179,descriptive_approximate_CC_diagnostic_not_independence_or_accuracy_validation
rdr250199#csvline3132,"InChI=1S/C4H10O/c1-4(2)3-5/h4-5H,3H2,1-2H3",2-methyl-1-propanol,['1971POL/BEN'],10.1021/acs.jced.5b00537#d6#p1,10.1021/acs.jced.5b00537,Ebulliometric method (Recirculating still),308.0,50.1,49.89599617548322,-0.40719326250854715,17,296.87,327.82,0.001970719682434535,descriptive_approximate_CC_diagnostic_not_independence_or_accuracy_validation
rdr250199#csvline3133,"InChI=1S/C4H10O/c1-4(2)3-5/h4-5H,3H2,1-2H3",2-methyl-1-propanol,['1971POL/BEN'],10.1021/acs.jced.5b00537#d6#p1,10.1021/acs.jced.5b00537,Ebulliometric method (Recirculating still),318.0,49.3,49.54452096914698,0.49598573863485346,20,298.77,337.45,0.0026953996527080406,descriptive_approximate_CC_diagnostic_not_independence_or_accuracy_validation
rdr250199#csvline3134,"InChI=1S/C4H10O/c1-4(2)3-5/h4-5H,3H2,1-2H3",2-methyl-1-propanol,['1971POL/BEN'],10.1021/acs.jced.5b00537#d6#p1,10.1021/acs.jced.5b00537,Ebulliometric method (Recirculating still),328.0,47.9,48.75401170413168,1.7829054366005825,20,309.88,342.52,0.0017582470723649392,descriptive_approximate_CC_diagnostic_not_independence_or_accuracy_validation
rdr250199#csvline3140,"InChI=1S/C4H10O/c1-4(2)3-5/h4-5H,3H2,1-2H3",2-methyl-1-propanol,['1966WAD'],10.1021/acs.jced.5b00537#d6#p1,10.1021/acs.jced.5b00537,Ebulliometric method (Recirculating still),298.0,50.8,50.24662837770003,-1.0893142171259254,12,296.87,316.78,0.001502939351408179,descriptive_approximate_CC_diagnostic_not_independence_or_accuracy_validation
rdr250199#csvline3143,"InChI=1S/C4H10O/c1-4(2)3-5/h4-5H,3H2,1-2H3",2-methyl-1-propanol,['1963MCC/LAI'],10.1021/acs.jced.5b00537#d6#p1,10.1021/acs.jced.5b00537,Ebulliometric method (Recirculating still),298.0,49.8,50.24662837770003,0.896844131927771,12,296.87,316.78,0.001502939351408179,descriptive_approximate_CC_diagnostic_not_independence_or_accuracy_validation
rdr250199#csvline3155,"InChI=1S/C4H10O/c1-4(2,3)5/h5H,1-3H3",2-methyl-2-propanol,['1984MAJ/SVO'],10.1016/j.fluid.2004.10.022#d9#p1,10.1016/j.fluid.2004.10.022,EBULLIO:UFactor:8,303.0,46.2,44.23987376492179,-4.2426974785242715,6,300.93,320.17,0.002078906680882352,descriptive_approximate_CC_diagnostic_not_independence_or_accuracy_validation
rdr250199#csvline3156,"InChI=1S/C4H10O/c1-4(2,3)5/h5H,1-3H3",2-methyl-2-propanol,['1984MAJ/SVO'],10.1016/j.fluid.2004.10.022#d9#p1,10.1016/j.fluid.2004.10.022,EBULLIO:UFactor:8,313.0,44.9,44.23987376492179,-1.4702143320227379,6,300.93,320.17,0.002078906680882352,descriptive_approximate_CC_diagnostic_not_independence_or_accuracy_validation
rdr250199#csvline3163,"InChI=1S/C4H10O/c1-4(2,3)5/h5H,1-3H3",2-methyl-2-propanol,['1971POL/BEN'],10.1016/j.fluid.2004.10.022#d9#p1,10.1016/j.fluid.2004.10.022,EBULLIO:UFactor:8,308.0,45.8,44.23987376492179,-3.406389159559406,6,300.93,320.17,0.002078906680882352,descriptive_approximate_CC_diagnostic_not_independence_or_accuracy_validation
rdr250199#csvline3164,"InChI=1S/C4H10O/c1-4(2,3)5/h5H,1-3H3",2-methyl-2-propanol,['1971POL/BEN'],10.1016/j.fluid.2004.10.022#d9#p1,10.1016/j.fluid.2004.10.022,EBULLIO:UFactor:8,318.0,44.6,44.23987376492179,-0.8074579261843322,6,300.93,320.17,0.002078906680882352,descriptive_approximate_CC_diagnostic_not_independence_or_accuracy_validation
rdr250199#csvline3214,"InChI=1S/C4H10O2/c1-4(6)2-3-5/h4-6H,2-3H2,1H3","(±)-1,3-butanediol",['2003EUS/LOP'],10.1021/je060419q#d2#p1,10.1021/je060419q,Transpiration method,298.0,72.8,72.34249739829178,-0.6284376397090848,8,288.3,317.3,0.008977842691472802,descriptive_approximate_CC_diagnostic_not_independence_or_accuracy_validation
rdr250199#csvline3752,"InChI=1S/C5H8N2/c1-2-7-5-3-4-6-7/h3-5H,2H2,1H3",1-ethylpyrazole,['1999RIB/RIB'],10.1016/j.jct.2018.07.020#d3#p1,10.1016/j.jct.2018.07.020,Transpiration method,298.0,53.3,49.50817562099438,-7.114117033781648,16,279.2,311.2,0.006341780676849287,descriptive_approximate_CC_diagnostic_not_independence_or_accuracy_validation
rdr250199#csvline3764,InChI=1S/C5H8O/c6-5-3-1-2-4-5/h1-4H2,cyclopentanone,['1968PLA/WIL'],10.1016/j.jct.2005.07.016#d2#p1,10.1016/j.jct.2005.07.016,CCELL:UFactor:8,298.0,42.7,38.04718860007926,-10.896513817144598,10,291.95,316.75,0.013558359696055386,descriptive_approximate_CC_diagnostic_not_independence_or_accuracy_validation
rdr250199#csvline3816,"InChI=1S/C5H8O2/c1-4-2-3-5(6)7-4/h4H,2-3H2,1H3",(dl)-γ-valerolactone,['1990LEI/PIL2'],10.1016/j.jct.2008.02.002#d1#p1,10.1016/j.jct.2008.02.002,Transpiration method,298.0,54.8,53.79504163876511,-1.8338656226913943,11,282.0,317.3,0.010322725465870661,descriptive_approximate_CC_diagnostic_not_independence_or_accuracy_validation
rdr250199#csvline3966,"InChI=1S/C5H10O/c1-4-5(2,3)6/h4,6H,1H2,2-3H3",2-methyl-3-buten-2-ol,['2015ZAI/PAU'],10.1016/j.jct.2015.07.028#d18#p1,10.1016/j.jct.2015.07.028,Closed cell (Static) method,298.0,47.6,48.346776433301706,1.568858053154841,35,279.12,315.98,0.0021158086134353145,descriptive_approximate_CC_diagnostic_not_independence_or_accuracy_validation
rdr250199#csvline3984,"InChI=1S/C5H10O/c6-5-3-1-2-4-5/h5-6H,1-4H2",cyclopentanol,['1968PLA/WIL'],10.1021/acs.jced.6b00576#d25#p1,10.1021/acs.jced.6b00576,Diaphragm manometer,298.0,57.5,56.90439806931963,-1.0358294446615075,13,279.84,314.3,0.0028938932051203437,descriptive_approximate_CC_diagnostic_not_independence_or_accuracy_validation
rdr250199#csvline3985,"InChI=1S/C5H10O/c6-5-3-1-2-4-5/h5-6H,1-4H2",cyclopentanol,['1966WAD'],10.1021/acs.jced.6b00576#d25#p1,10.1021/acs.jced.6b00576,Diaphragm manometer,298.0,57.5,56.90439806931963,-1.0358294446615075,13,279.84,314.3,0.0028938932051203437,descriptive_approximate_CC_diagnostic_not_independence_or_accuracy_validation
rdr250199#csvline4061,"InChI=1S/C5H10O2/c1-2-3-4-7-5-6/h5H,2-4H2,1H3",butyl formate,['1980SVO/UCH'],10.1021/je025566c#d4#p1,10.1021/je025566c,EBULLIO:UFactor:4,328.0,39.0,38.749838387521834,-0.6414400319952981,6,313.16,333.15,0.0006318532513158614,descriptive_approximate_CC_diagnostic_not_independence_or_accuracy_validation
rdr250199#csvline4104,"InChI=1S/C5H10O2/c1-3-4-5(6)7-2/h3-4H2,1-2H3",methyl butyrate,['1981GAT/STR'],10.1016/j.fluid.2008.02.001#d1#p1,10.1016/j.fluid.2008.02.001,Transpiration method,298.0,40.1,41.22662220264159,2.8095316774104533,19,278.2,303.2,0.010185726627228216,descriptive_approximate_CC_diagnostic_not_independence_or_accuracy_validation
rdr250199#csvline4106,"InChI=1S/C5H10O2/c1-3-4-5(6)7-2/h3-4H2,1-2H3",methyl butyrate,['1979SUN/SVE2'],10.1016/j.fluid.2008.02.001#d1#p1,10.1016/j.fluid.2008.02.001,Transpiration method,298.0,39.3,41.22662220264159,4.902346571607115,19,278.2,303.2,0.010185726627228216,descriptive_approximate_CC_diagnostic_not_independence_or_accuracy_validation
rdr250199#csvline4153,"InChI=1S/C5H10O3/c1-3-7-5(6)8-4-2/h3-4H2,1-2H3",diethyl carbonate,['1973COU/LEE'],10.1016/j.jct.2008.02.012#d2#p1,10.1016/j.jct.2008.02.012,Transpiration method,298.0,43.6,44.88327813048626,2.943298464418026,30,278.1,315.2,0.011484971351235128,descriptive_approximate_CC_diagnostic_not_independence_or_accuracy_validation
rdr250199#csvline4401,"InChI=1S/C5H12O/c1-2-3-4-5-6/h6H,2-5H2,1H3",1-pentanol,['1985MAJ/SVO2'],10.1021/je049600u#d1#p1,10.1021/je049600u,Closed cell (Static) method,313.0,55.7,54.65000672683914,-1.885086666357029,7,298.15,328.15,0.001554400063684908,descriptive_approximate_CC_diagnostic_not_independence_or_accuracy_validation
rdr250199#csvline4402,"InChI=1S/C5H12O/c1-2-3-4-5-6/h6H,2-5H2,1H3",1-pentanol,['1985MAJ/SVO2'],10.1021/je049600u#d1#p1,10.1021/je049600u,Closed cell (Static) method,328.0,54.4,53.70162741752442,-1.283773129550695,8,308.15,343.15,0.0031438523790791304,descriptive_approximate_CC_diagnostic_not_independence_or_accuracy_validation
rdr250199#csvline4403,"InChI=1S/C5H12O/c1-2-3-4-5-6/h6H,2-5H2,1H3",1-pentanol,['1985MAJ/SVO2'],10.1016/j.fluid.2010.03.001#d2#p1,10.1016/j.fluid.2010.03.001,Ebulliometric method (Recirculating still),343.0,53.0,53.94264369673332,1.778573012704378,9,328.15,362.63,0.004278575179634072,descriptive_approximate_CC_diagnostic_not_independence_or_accuracy_validation
rdr250199#csvline4404,"InChI=1S/C5H12O/c1-2-3-4-5-6/h6H,2-5H2,1H3",1-pentanol,['1985MAJ/SVO2'],10.1021/je049600u#d1#p1,10.1021/je049600u,Closed cell (Static) method,358.0,51.2,51.42395634757636,0.43741474136006764,7,338.15,368.15,0.001792278945884838,descriptive_approximate_CC_diagnostic_not_independence_or_accuracy_validation
rdr250199#csvline4407,"InChI=1S/C5H12O/c1-2-3-4-5-6/h6H,2-5H2,1H3",1-pentanol,['1970COU/FEN'],10.1021/je049600u#d1#p1,10.1021/je049600u,Closed cell (Static) method,362.0,50.5,51.14550997421996,1.2782375727127964,6,343.15,368.15,0.001135112590696487,descriptive_approximate_CC_diagnostic_not_independence_or_accuracy_validation
rdr250199#csvline4421,"InChI=1S/C5H12O/c1-3-4-5(2)6/h5-6H,3-4H2,1-2H3",2-pentanol,['1985MAJ/SVO2'],10.1021/je900050z#d3#p1,10.1021/je900050z,EBULLIO:UFactor:8,328.0,50.9,53.105349981045926,4.332711161190427,48,323.84,347.795,0.005953191125424117,descriptive_approximate_CC_diagnostic_not_independence_or_accuracy_validation
rdr250199#csvline4422,"InChI=1S/C5H12O/c1-3-4-5(2)6/h5-6H,3-4H2,1-2H3",2-pentanol,['1985MAJ/SVO2'],10.1021/je900050z#d3#p1,10.1021/je900050z,EBULLIO:UFactor:8,343.0,49.0,52.47523859072081,7.092323654532258,54,323.84,351.875,0.0065605402261239435,descriptive_approximate_CC_diagnostic_not_independence_or_accuracy_validation
rdr250199#csvline4435,"InChI=1S/C5H12O/c1-3-5(6)4-2/h5-6H,3-4H2,1-2H3",3-pentanol,['1963MCC/LAI'],10.1021/acs.jced.6b00576#d22#p1,10.1021/acs.jced.6b00576,Diaphragm manometer,298.0,52.9,53.54193841270319,1.2134941639001708,9,279.05,312.86,0.0031149358210655342,descriptive_approximate_CC_diagnostic_not_independence_or_accuracy_validation
rdr250199#csvline4454,"InChI=1S/C5H12O/c1-4-5(2,3)6/h6H,4H2,1-3H3",2-methyl-2-butanol,['1985MAJ/SVO2'],10.1021/acs.jced.5b00537#d2#p1,10.1021/acs.jced.5b00537,Ebulliometric method (Recirculating still),298.0,50.1,49.40882724789038,-1.3795863315561328,15,296.61,317.37,0.002629574820410842,descriptive_approximate_CC_diagnostic_not_independence_or_accuracy_validation
rdr250199#csvline4455,"InChI=1S/C5H12O/c1-4-5(2,3)6/h6H,4H2,1-3H3",2-methyl-2-butanol,['1985MAJ/SVO2'],10.1021/je900050z#d4#p1,10.1021/je900050z,EBULLIO:UFactor:4,313.0,48.4,51.842520661904615,7.112645995670695,35,303.29,332.46,0.007198340728592063,descriptive_approximate_CC_diagnostic_not_independence_or_accuracy_validation
rdr250199#csvline4456,"InChI=1S/C5H12O/c1-4-5(2,3)6/h6H,4H2,1-3H3",2-methyl-2-butanol,['1985MAJ/SVO2'],10.1021/je900050z#d4#p1,10.1021/je900050z,EBULLIO:UFactor:4,328.0,46.4,50.324622367261625,8.458237860477645,34,308.35,334.695,0.004834559470912033,descriptive_approximate_CC_diagnostic_not_independence_or_accuracy_validation
rdr250199#csvline4461,"InChI=1S/C5H12O/c1-4-5(2,3)6/h6H,4H2,1-3H3",2-methyl-2-butanol,['1963MCC/LAI'],10.1021/acs.jced.5b00537#d2#p1,10.1021/acs.jced.5b00537,Ebulliometric method (Recirculating still),298.0,49.2,49.40882724789038,0.42444562579344736,15,296.61,317.37,0.002629574820410842,descriptive_approximate_CC_diagnostic_not_independence_or_accuracy_validation
rdr250199#csvline4471,"InChI=1S/C5H12O/c1-5(2)3-4-6/h5-6H,3-4H2,1-2H3",3-methyl-1-butanol,['1985MAJ/SVO2'],10.1021/je900812v#d3#p1,10.1021/je900812v,EBULLIO:UFactor:32,343.0,51.4,50.1331556949972,-2.464677636192216,7,336.35,360.65,0.003210969565242081,descriptive_approximate_CC_diagnostic_not_independence_or_accuracy_validation
rdr250199#csvline4472,"InChI=1S/C5H12O/c1-5(2)3-4-6/h5-6H,3-4H2,1-2H3",3-methyl-1-butanol,['1985MAJ/SVO2'],10.1021/je900812v#d3#p1,10.1021/je900812v,EBULLIO:UFactor:32,358.0,49.7,49.15982494363829,-1.0868713407680308,6,346.9,360.65,0.0027200091932909846,descriptive_approximate_CC_diagnostic_not_independence_or_accuracy_validation
rdr250199#csvline4606,"InChI=1S/C5H14N2/c1-7(2)5-3-4-6/h3-6H2,1-2H3","N, N-dimethyl-1,3-propanediamine",['1992PAP/PIM'],10.1016/j.jct.2011.11.004#d4#p1,10.1016/j.jct.2011.11.004,Transpiration method,298.0,42.2,47.029088561960165,11.443337824550147,21,278.1,299.7,0.005398280002443198,descriptive_approximate_CC_diagnostic_not_independence_or_accuracy_validation
rdr250199#csvline4910,InChI=1S/C6H5Br/c7-6-4-2-1-3-5-6/h1-5H,bromobenzene,['1975MAS/SCO'],10.1021/je500784s#d1#p1,10.1021/je500784s,Transpiration method,293.0,44.0,44.765952553754595,1.7408012585331696,16,276.4,303.4,0.005816687578512093,descriptive_approximate_CC_diagnostic_not_independence_or_accuracy_validation
rdr250199#csvline4914,InChI=1S/C6H5Br/c7-6-4-2-1-3-5-6/h1-5H,bromobenzene,['1968WAD'],10.1021/je500784s#d1#p1,10.1021/je500784s,Transpiration method,298.0,44.5,44.97552867184598,1.0686037569572553,15,278.3,303.4,0.005725895034231326,descriptive_approximate_CC_diagnostic_not_independence_or_accuracy_validation
rdr250199#csvline4918,InChI=1S/C6H5Br/c7-6-4-2-1-3-5-6/h1-5H,bromobenzene,"['1926MAT', '2015VER/SAZ']",10.1021/je500784s#d1#p1,10.1021/je500784s,Transpiration method,298.0,44.5,44.97552867184598,1.0686037569572553,15,278.3,303.4,0.005725895034231326,descriptive_approximate_CC_diagnostic_not_independence_or_accuracy_validation
rdr250199#csvline4948,InChI=1S/C6H5Cl/c7-6-4-2-1-3-5-6/h1-5H,chlorobenzene,['1968WAD'],10.1016/j.fluid.2014.07.029#d3#p1,10.1016/j.fluid.2014.07.029,Transpiration method,298.0,41.0,41.640934602933434,1.5632551291059376,10,280.3,307.2,0.005696881694112331,descriptive_approximate_CC_diagnostic_not_independence_or_accuracy_validation
rdr250199#csvline4955,InChI=1S/C6H5Cl/c7-6-4-2-1-3-5-6/h1-5H,chlorobenzene,"['1926MAT', '2014VER/EME']",10.1016/j.fluid.2014.07.029#d3#p1,10.1016/j.fluid.2014.07.029,Transpiration method,298.0,41.9,41.640934602933434,-0.6182945037388167,10,280.3,307.2,0.005696881694112331,descriptive_approximate_CC_diagnostic_not_independence_or_accuracy_validation
rdr250199#csvline5062,InChI=1S/C6H6/c1-2-4-6-5-3-1/h1-6H,benzene,['1973SVO/VES'],10.1016/j.fluid.2004.02.021#d3#p1,10.1016/j.fluid.2004.02.021,CCELL:UFactor:2,298.0,33.8,34.28229983196757,1.42692257978572,6,283.15,308.15,0.0006708761513742523,descriptive_approximate_CC_diagnostic_not_independence_or_accuracy_validation
rdr250199#csvline5075,InChI=1S/C6H6/c1-2-4-6-5-3-1/h1-6H,benzene,['1947OSB/GIN'],10.1016/j.fluid.2004.02.021#d3#p1,10.1016/j.fluid.2004.02.021,CCELL:UFactor:2,298.0,33.8,34.28229983196757,1.42692257978572,6,283.15,308.15,0.0006708761513742523,descriptive_approximate_CC_diagnostic_not_independence_or_accuracy_validation
rdr250199#csvline5299,"InChI=1S/C6H8S/c1-2-6-4-3-5-7-6/h3-5H,2H2,1H3",2-ethylthiophene,['2007RIB/SAN'],10.1021/acs.jced.8b00153#d8#p1,10.1021/acs.jced.8b00153,Ebulliometric method (Recirculating still),298.0,39.7,44.19376498897673,11.319307277019465,9,292.41,315.55,0.005545520722211831,descriptive_approximate_CC_diagnostic_not_independence_or_accuracy_validation
rdr250199#csvline5511,"InChI=1S/C6H11NO/c8-7-6-4-2-1-3-5-6/h8H,1-5H2",cyclohexanone oxime,['1992KOZ/KAB'],10.1021/je700546r#d27#p1,10.1021/je700546r,Transpiration method,368.0,58.7,61.548309062788974,4.852315268805742,14,364.6,385.8,0.0053206853240457385,descriptive_approximate_CC_diagnostic_not_independence_or_accuracy_validation
rdr250199#csvline5546,InChI=1S/C6H12/c1-2-4-6-5-3-1/h1-6H2,cyclohexane,['1982FUR/SAK'],10.1021/je900050z#d1#p1,10.1021/je900050z,EBULLIO:UFactor:4,298.0,33.0,34.84363079675725,5.586759990173494,25,295.42,308.06,0.00143764917792261,descriptive_approximate_CC_diagnostic_not_independence_or_accuracy_validation
rdr250199#csvline5548,InChI=1S/C6H12/c1-2-4-6-5-3-1/h1-6H2,cyclohexane,['1979MAJ/SVO'],10.1021/je900050z#d1#p1,10.1021/je900050z,EBULLIO:UFactor:4,298.0,33.0,34.84363079675725,5.586759990173494,25,295.42,308.06,0.00143764917792261,descriptive_approximate_CC_diagnostic_not_independence_or_accuracy_validation
rdr250199#csvline5565,InChI=1S/C6H12/c1-2-4-6-5-3-1/h1-6H2,cyclohexane,['1960WAD'],10.1021/je900050z#d1#p1,10.1021/je900050z,EBULLIO:UFactor:4,298.0,33.0,34.84363079675725,5.586759990173494,25,295.42,308.06,0.00143764917792261,descriptive_approximate_CC_diagnostic_not_independence_or_accuracy_validation
rdr250199#csvline5568,InChI=1S/C6H12/c1-2-4-6-5-3-1/h1-6H2,cyclohexane,['1947OSB/GIN'],10.1021/je900050z#d1#p1,10.1021/je900050z,EBULLIO:UFactor:4,298.0,33.0,34.84363079675725,5.586759990173494,25,295.42,308.06,0.00143764917792261,descriptive_approximate_CC_diagnostic_not_independence_or_accuracy_validation
rdr250199#csvline5571,InChI=1S/C6H12/c1-2-4-6-5-3-1/h1-6H2,cyclohexane,['1943AST/SZA'],10.1021/je900050z#d1#p1,10.1021/je900050z,EBULLIO:UFactor:4,298.0,33.3,34.84363079675725,4.6355279181899585,25,295.42,308.06,0.00143764917792261,descriptive_approximate_CC_diagnostic_not_independence_or_accuracy_validation
rdr250199#csvline5775,"InChI=1S/C6H12O/c1-5(2)4-6(3)7/h5H,4H2,1-3H3",4-methyl-2-pentanone (methyl isobutyl ketone),['1992SVO/KUB'],10.1016/j.fluid.2008.11.012#d3#p1,10.1016/j.fluid.2008.11.012,Ebulliometric method (Recirculating still),323.0,39.0,38.12233945747862,-2.2504116474907256,6,321.83,340.98,0.0011340298436709909,descriptive_approximate_CC_diagnostic_not_independence_or_accuracy_validation
rdr250199#csvline5776,"InChI=1S/C6H12O/c1-5(2)4-6(3)7/h5H,4H2,1-3H3",4-methyl-2-pentanone (methyl isobutyl ketone),['1992SVO/KUB'],10.1016/j.fluid.2008.11.012#d3#p1,10.1016/j.fluid.2008.11.012,Ebulliometric method (Recirculating still),338.0,38.0,38.12233945747862,0.32194594073320254,6,321.83,340.98,0.0011340298436709909,descriptive_approximate_CC_diagnostic_not_independence_or_accuracy_validation
rdr250199#csvline5823,"InChI=1S/C6H12O2/c1-3-4-5-8-6(2)7/h3-5H2,1-2H3",butyl acetate,['1980SVO/UCH'],10.1021/je700411p#d3#p1,10.1021/je700411p,Ebulliometric method (Recirculating still),343.0,40.6,40.57616808755716,-0.05869929173114366,7,334.36,351.02,0.0002074690277226748,descriptive_approximate_CC_diagnostic_not_independence_or_accuracy_validation
rdr250199#csvline5872,"InChI=1S/C6H12O2/c1-3-4-5-6(7)8-2/h3-5H2,1-2H3",methyl valerate,['1981GAT/STR'],10.1016/j.fluid.2008.02.001#d2#p1,10.1016/j.fluid.2008.02.001,Transpiration method,298.0,44.3,44.321412054531116,0.048334208873857656,26,278.2,311.2,0.009199989914671693,descriptive_approximate_CC_diagnostic_not_independence_or_accuracy_validation
rdr250199#csvline5875,"InChI=1S/C6H12O2/c1-3-4-5-6(7)8-2/h3-5H2,1-2H3",methyl valerate,['1977MAN/SEL'],10.1016/j.fluid.2008.02.001#d2#p1,10.1016/j.fluid.2008.02.001,Transpiration method,298.0,43.1,44.321412054531116,2.833902678726484,26,278.2,311.2,0.009199989914671693,descriptive_approximate_CC_diagnostic_not_independence_or_accuracy_validation
rdr250199#csvline5963,"InChI=1S/C6H13I/c1-2-3-4-5-6-7/h2-6H2,1H3",1-iodohexane,['1968WAD'],10.1021/je100398m#d3#p1,10.1021/je100398m,Closed cell (Static) method,298.0,49.8,50.265619469302294,0.9349788540206764,7,278.15,308.15,0.0017530112471051723,descriptive_approximate_CC_diagnostic_not_independence_or_accuracy_validation
rdr250199#csvline5973,"InChI=1S/C6H13N/c7-6-4-2-1-3-5-6/h6H,1-5,7H2",cyclohexylamine,['1979MAJ/SVO2'],10.1016/j.jct.2011.08.009#d3#p1,10.1016/j.jct.2011.08.009,Closed cell (Static) method,313.0,42.7,43.142135317357685,1.0354457080976156,15,293.15,323.99,0.0018952487687646593,descriptive_approximate_CC_diagnostic_not_independence_or_accuracy_validation
rdr250199#csvline5974,"InChI=1S/C6H13N/c7-6-4-2-1-3-5-6/h6H,1-5,7H2",cyclohexylamine,['1979MAJ/SVO2'],10.1016/j.jct.2011.08.009#d3#p1,10.1016/j.jct.2011.08.009,Closed cell (Static) method,343.0,40.7,42.45164826192527,4.303804083354468,10,323.15,354.06,0.006130965862496818,descriptive_approximate_CC_diagnostic_not_independence_or_accuracy_validation
rdr250199#csvline5976,"InChI=1S/C6H13N/c7-6-4-2-1-3-5-6/h6H,1-5,7H2",cyclohexylamine,['1975BER/OLO'],10.1016/j.jct.2011.08.009#d3#p1,10.1016/j.jct.2011.08.009,Closed cell (Static) method,298.0,42.8,43.74153141515872,2.199839755043741,13,283.15,313.81,0.0019346330914314493,descriptive_approximate_CC_diagnostic_not_independence_or_accuracy_validation
rdr250199#csvline5983,"InChI=1S/C6H13N/c1-2-4-6-7-5-3-1/h7H,1-6H2",hexahydro-1H-azepine,['2014FRE/LEI'],10.1016/j.tca.2018.07.016#d1#p1,10.1016/j.tca.2018.07.016,Transpiration method,298.0,46.7,44.686195288694435,-4.312215655900573,13,278.3,317.2,0.008547433201800918,descriptive_approximate_CC_diagnostic_not_independence_or_accuracy_validation
rdr250199#csvline5990,"InChI=1S/C6H13N/c1-7-5-3-2-4-6-7/h2-6H2,1H3",N-methylpiperidine,['2006RIB/CAB5'],10.1021/acs.jced.6b00576#d8#p1,10.1021/acs.jced.6b00576,Diaphragm manometer,298.0,36.8,35.981268959220664,-2.224812610813406,9,282.9,313.47,0.002943224070761981,descriptive_approximate_CC_diagnostic_not_independence_or_accuracy_validation
rdr250199#csvline6127,"InChI=1S/C6H14O/c1-5-6(2,3)7-4/h5H2,1-4H3",tert-amyl methyl ether,['1991ROZ/SAF'],10.1021/je0255980#d4#p1,10.1021/je0255980,TRANSPIR:UFactor:2:dPV:2%,298.0,35.8,35.62067021388909,-0.5009211902539256,9,278.2,307.8,0.009825457133220637,descriptive_approximate_CC_diagnostic_not_independence_or_accuracy_validation
rdr250199#csvline6144,"InChI=1S/C6H14O/c1-3-5-7-6-4-2/h3-6H2,1-2H3",dipropyl ether,['1980MAJ/WAG'],10.1016/j.fluid.2006.06.017#d9#p1,10.1016/j.fluid.2006.06.017,Ebulliometric method (Recirculating still),313.0,34.7,35.15351807324484,1.3069685107920366,6,302.6,317.33,0.0010042326628302495,descriptive_approximate_CC_diagnostic_not_independence_or_accuracy_validation
rdr250199#csvline6189,"InChI=1S/C6H14O/c1-2-3-4-5-6-7/h7H,2-6H2,1H3",1-hexanol,['1985MAJ/SVO3'],10.1021/je049561m#d1#p1,10.1021/je049561m,TRANSPIR:UFactor:1.5,328.0,58.5,59.19636384709115,1.1903655505831607,13,308.2,343.2,0.00468566208995994,descriptive_approximate_CC_diagnostic_not_independence_or_accuracy_validation
rdr250199#csvline6190,"InChI=1S/C6H14O/c1-2-3-4-5-6-7/h7H,2-6H2,1H3",1-hexanol,['1985MAJ/SVO3'],10.1021/je049561m#d1#p1,10.1021/je049561m,TRANSPIR:UFactor:1.5,343.0,57.6,58.06302217583316,0.8038579441547917,11,323.2,358.2,0.005976545093785556,descriptive_approximate_CC_diagnostic_not_independence_or_accuracy_validation
rdr250199#csvline6191,"InChI=1S/C6H14O/c1-2-3-4-5-6-7/h7H,2-6H2,1H3",1-hexanol,['1985MAJ/SVO3'],10.1021/je900050z#d5#p1,10.1021/je900050z,EBULLIO:UFactor:4,358.0,55.2,59.59166947867939,7.955922968622082,44,343.46,377.83,0.00726235311033288,descriptive_approximate_CC_diagnostic_not_independence_or_accuracy_validation
rdr250199#csvline6192,"InChI=1S/C6H14O/c1-2-3-4-5-6-7/h7H,2-6H2,1H3",1-hexanol,['1985MAJ/SVO3'],10.1021/je900050z#d5#p1,10.1021/je900050z,EBULLIO:UFactor:4,368.0,53.8,57.54153608621748,6.95452804129643,60,348.1,385.863,0.006123799511229345,descriptive_approximate_CC_diagnostic_not_independence_or_accuracy_validation
rdr250199#csvline6194,"InChI=1S/C6H14O/c1-2-3-4-5-6-7/h7H,2-6H2,1H3",1-hexanol,['1977MAN/SEL'],10.1021/je049561m#d1#p1,10.1021/je049561m,TRANSPIR:UFactor:1.5,298.0,60.8,62.97287784487411,3.5738122448587424,14,278.2,313.2,0.008300691729110698,descriptive_approximate_CC_diagnostic_not_independence_or_accuracy_validation
rdr250199#csvline6197,"InChI=1S/C6H14O/c1-2-3-4-5-6-7/h7H,2-6H2,1H3",1-hexanol,['1966WAD'],10.1021/je049561m#d1#p1,10.1021/je049561m,TRANSPIR:UFactor:1.5,298.0,61.6,62.97287784487411,2.22869780012031,14,278.2,313.2,0.008300691729110698,descriptive_approximate_CC_diagnostic_not_independence_or_accuracy_validation
rdr250199#csvline6784,"InChI=1S/C7H7Cl/c1-6-4-2-3-5-7(6)8/h2-5H,1H3",2-chlorotoluene,"['1926MAT', '2014VER/EME']",10.1016/j.fluid.2014.07.029#d5#p1,10.1016/j.fluid.2014.07.029,Transpiration method,298.0,46.1,47.08157920881448,2.129239064673493,10,280.3,306.2,0.0092382247577944,descriptive_approximate_CC_diagnostic_not_independence_or_accuracy_validation
rdr250199#csvline6798,"InChI=1S/C7H7Cl/c1-6-2-4-7(8)5-3-6/h2-5H,1H3",4-chlorotoluene,"['1926MAT', '2014VER/EME']",10.1016/j.fluid.2014.07.029#d9#p1,10.1016/j.fluid.2014.07.029,Transpiration method,298.0,46.4,47.511847301679595,2.3962226329301637,12,278.2,309.2,0.005315564729509682,descriptive_approximate_CC_diagnostic_not_independence_or_accuracy_validation
rdr250199#csvline6880,"InChI=1S/C7H7NO2/c1-10-7(9)6-4-2-3-5-8-6/h2-5H,1H3",methyl picolinate,['2007RIB/FRE'],10.1021/je060472e#d4#p1,10.1021/je060472e,Closed cell (Static) method,298.0,67.0,64.34777086243115,-3.9585509515953023,12,283.15,313.13,0.001859660137203501,descriptive_approximate_CC_diagnostic_not_independence_or_accuracy_validation
rdr250199#csvline6883,"InChI=1S/C7H7NO2/c1-10-7(9)6-2-4-8-5-3-6/h2-5H,1H3",methyl isonicotinate,['2007RIB/FRE'],10.1021/je060472e#d12#p1,10.1021/je060472e,Closed cell (Static) method,298.0,65.4,59.51642134448735,-8.996297638398557,23,278.22,315.56,0.003948306651164814,descriptive_approximate_CC_diagnostic_not_independence_or_accuracy_validation
rdr250199#csvline6924,"InChI=1S/C7H8/c1-7-5-3-2-4-6-7/h2-6H,1H3",toluene,['1947OSB/GIN'],10.1021/je800888n#d2#p1,10.1021/je800888n,Closed cell (Static) method,298.0,38.0,38.07845455866308,0.20645936490284922,12,283.15,313.22,0.0013441518013585785,descriptive_approximate_CC_diagnostic_not_independence_or_accuracy_validation
rdr250199#csvline6936,"InChI=1S/C7H8O/c1-8-7-5-3-2-4-6-7/h2-6H,1H3",anisole,['2014SIM/AGA'],10.1021/je0497799#d2#p1,10.1021/je0497799,Transpiration method,298.0,46.4,46.76072511865888,0.7774248246958707,16,278.3,313.6,0.005471667427828314,descriptive_approximate_CC_diagnostic_not_independence_or_accuracy_validation
rdr250199#csvline6945,"InChI=1S/C7H8O/c1-8-7-5-3-2-4-6-7/h2-6H,1H3",anisole,['1975FEN/HAR'],10.1021/je0497799#d2#p1,10.1021/je0497799,Transpiration method,298.0,46.8,46.76072511865888,-0.08392068662631318,16,278.3,313.6,0.005471667427828314,descriptive_approximate_CC_diagnostic_not_independence_or_accuracy_validation
rdr250199#csvline7554,"InChI=1S/C7H14O2/c1-3-4-5-6-7(8)9-2/h3-6H2,1-2H3",methyl hexanoate,['1977MAN/SEL'],10.1016/j.fluid.2008.02.001#d3#p1,10.1016/j.fluid.2008.02.001,Transpiration method,298.0,48.0,48.522092885365225,1.0876935111775528,22,280.7,316.3,0.008203040731040183,descriptive_approximate_CC_diagnostic_not_independence_or_accuracy_validation
rdr250199#csvline7677,"InChI=1S/C7H16/c1-3-5-7-6-4-2/h3-7H2,1-2H3",heptane,['1979MAJ/SVO'],10.1021/je100832h#d5#p1,10.1021/je100832h,Ebulliometric method (Recirculating still),313.0,35.6,37.2150595172353,4.536684037177795,6,305.26,323.62,0.0008320508253840379,descriptive_approximate_CC_diagnostic_not_independence_or_accuracy_validation
rdr250199#csvline7767,"InChI=1S/C7H16O/c1-5-7(3,4)8-6-2/h5-6H2,1-4H3",tert-amyl ethyl ether,['2002VAR/PAS'],10.1021/je0255980#d5#p1,10.1021/je0255980,TRANSPIR:UFactor:2:dPV:2%,298.0,38.2,39.942721122284304,4.5620971787547155,10,278.2,302.2,0.0037655560155333695,descriptive_approximate_CC_diagnostic_not_independence_or_accuracy_validation
rdr250199#csvline7784,"InChI=1S/C7H16O/c1-2-3-4-5-6-7-8/h8H,2-7H2,1H3",1-heptanol,['1977MAN/SEL'],10.1021/je049561m#d2#p1,10.1021/je049561m,Transpiration method,298.0,66.8,67.06948124625684,0.4034150393066542,18,283.4,316.2,0.010450536007723612,descriptive_approximate_CC_diagnostic_not_independence_or_accuracy_validation
rdr250199#csvline7867,"InChI=1S/C7H17N/c1-2-3-4-5-6-7-8/h2-8H2,1H3",heptylamine,['1969WAD'],10.1021/je400212t#d7#p1,10.1021/je400212t,Transpiration method,298.0,50.0,50.22905743059041,0.45811486118081746,14,280.2,306.2,0.006368912130337295,descriptive_approximate_CC_diagnostic_not_independence_or_accuracy_validation
rdr250199#csvline8273,"InChI=1S/C8H10/c1-7-3-5-8(2)6-4-7/h3-6H,1-2H3","1,4-dimethylbenzene",['1981HOS/SCO3'],10.1021/je050523s#d3#p1,10.1021/je050523s,EBULLIO:UFactor:16,348.0,39.6,39.72587653887375,0.317870047660978,8,329.64,359.49,0.000588414236966669,descriptive_approximate_CC_diagnostic_not_independence_or_accuracy_validation
rdr250199#csvline8293,"InChI=1S/C8H10/c1-2-8-6-4-3-5-7-8/h3-7H,2H2,1H3",ethylbenzene,['1982SVO/CHA'],10.1016/j.fluid.2014.03.003#d3#p1,10.1016/j.fluid.2014.03.003,Closed cell (Static) method,328.0,40.5,44.35687703074796,9.523153162340641,8,308.15,343.15,0.04208366387902932,descriptive_approximate_CC_diagnostic_not_independence_or_accuracy_validation
rdr250199#csvline8294,"InChI=1S/C8H10/c1-2-8-6-4-3-5-7-8/h3-7H,2H2,1H3",ethylbenzene,['1982SVO/CHA'],10.1021/je050523s#d9#p1,10.1021/je050523s,EBULLIO:UFactor:16,343.0,39.5,39.627643935440325,0.32314920364639277,8,328.05,357.68,0.0006982895798360845,descriptive_approximate_CC_diagnostic_not_independence_or_accuracy_validation
rdr250199#csvline8296,"InChI=1S/C8H10/c1-2-8-6-4-3-5-7-8/h3-7H,2H2,1H3",ethylbenzene,['1981HOS/SCO3'],10.1021/je050523s#d9#p1,10.1021/je050523s,EBULLIO:UFactor:16,346.0,39.4,39.627643935440325,0.5777764858891538,8,328.05,357.68,0.0006982895798360845,descriptive_approximate_CC_diagnostic_not_independence_or_accuracy_validation
rdr250199#csvline8297,"InChI=1S/C8H10/c1-2-8-6-4-3-5-7-8/h3-7H,2H2,1H3",ethylbenzene,['1981HOS/SCO3'],10.1021/je050523s#d9#p1,10.1021/je050523s,EBULLIO:UFactor:16,354.0,38.4,39.51243503587222,2.8969662392505833,7,334.62,357.68,0.0004886335062963858,descriptive_approximate_CC_diagnostic_not_independence_or_accuracy_validation
rdr250199#csvline8446,"InChI=1S/C8H11N/c1-7(9)8-5-3-2-4-6-8/h2-7H,9H2,1H3",(dl)-α-methyl benzylamine,['1987ATI/SAI'],10.1021/je400212t#d5#p1,10.1021/je400212t,Transpiration method,298.0,54.5,55.45170584661037,1.7462492598355475,9,283.6,314.9,0.008191119270685183,descriptive_approximate_CC_diagnostic_not_independence_or_accuracy_validation
rdr250199#csvline8447,"InChI=1S/C8H11N/c1-7(9)8-5-3-2-4-6-8/h2-7H,9H2,1H3",(+)-α-methylbenzylamine,['1987ATI/SAI'],10.1021/je400212t#d5#p1,10.1021/je400212t,Transpiration method,298.0,54.1,55.45170584661037,2.4985320639748094,9,283.6,314.9,0.008191119270685183,descriptive_approximate_CC_diagnostic_not_independence_or_accuracy_validation
rdr250199#csvline8448,"InChI=1S/C8H11N/c1-7(9)8-5-3-2-4-6-8/h2-7H,9H2,1H3",(−)-α-methylbenzylamine,['1987ATI/SAI'],10.1021/je400212t#d5#p1,10.1021/je400212t,Transpiration method,298.0,54.6,55.45170584661037,1.559900817967714,9,283.6,314.9,0.008191119270685183,descriptive_approximate_CC_diagnostic_not_independence_or_accuracy_validation
rdr250199#csvline8559,"InChI=1S/C8H14O2/c1-7(9)10-8-5-3-2-4-6-8/h8H,2-6H2,1H3",cyclohexyl acetate,"['2004PAU/ZAI', '2003ZAI/VER']",10.1021/je025634v#d3#p1,10.1021/je025634v,TRANSPIR:UFactor:2,298.0,52.3,52.125359747461985,-0.3339201769369254,17,278.4,313.2,0.012459084078689021,descriptive_approximate_CC_diagnostic_not_independence_or_accuracy_validation
rdr250199#csvline8620,"InChI=1S/C8H15N/c1-2-3-4-5-6-7-8-9/h2-7H2,1H3",octanenitrile,['1977STRI/SUN'],10.1016/j.jct.2004.08.004#d2#p1,10.1016/j.jct.2004.08.004,Transpiration method,298.0,56.8,55.781666215531374,-1.792841169839126,10,283.2,310.2,0.0026889192469321107,descriptive_approximate_CC_diagnostic_not_independence_or_accuracy_validation
rdr250199#csvline8913,"InChI=1S/C8H16O2/c1-3-4-5-6-7-8(9)10-2/h3-7H2,1-2H3",methyl heptanoate,['1980FUC/PEA'],10.1016/j.fluid.2008.02.001#d4#p1,10.1016/j.fluid.2008.02.001,Transpiration method,298.0,53.1,53.46718670001758,0.6915003766809351,14,278.1,313.2,0.0034923083484599527,descriptive_approximate_CC_diagnostic_not_independence_or_accuracy_validation
rdr250199#csvline8914,"InChI=1S/C8H16O2/c1-3-4-5-6-7-8(9)10-2/h3-7H2,1-2H3",methyl heptanoate,['1977MAN/SEL'],10.1016/j.fluid.2008.02.001#d4#p1,10.1016/j.fluid.2008.02.001,Transpiration method,298.0,51.6,53.46718670001758,3.6185788760030553,14,278.1,313.2,0.0034923083484599527,descriptive_approximate_CC_diagnostic_not_independence_or_accuracy_validation
rdr250199#csvline9058,"InChI=1S/C8H18/c1-7(2)6-8(3,4)5/h7H,6H2,1-5H3","2,2,4-trimethylpentane",['1982SVO/CHA'],10.1016/j.fluid.2017.04.014#d2#p1,10.1016/j.fluid.2017.04.014,Closed cell (Static) method,298.0,35.2,36.226261351701034,2.9155152036961103,8,283.6,313.1,0.0029248172357643396,descriptive_approximate_CC_diagnostic_not_independence_or_accuracy_validation
rdr250199#csvline9059,"InChI=1S/C8H18/c1-7(2)6-8(3,4)5/h7H,6H2,1-5H3","2,2,4-trimethylpentane",['1982SVO/CHA'],10.1016/j.fluid.2017.04.014#d2#p1,10.1016/j.fluid.2017.04.014,Closed cell (Static) method,313.0,34.4,35.274717753097555,2.5427841659812684,8,293.4,323.0,0.0020782216311144137,descriptive_approximate_CC_diagnostic_not_independence_or_accuracy_validation
rdr250199#csvline9064,"InChI=1S/C8H18/c1-7(2)6-8(3,4)5/h7H,6H2,1-5H3","2,2,4-trimethylpentane",['1979MAJ/SVO'],10.1016/j.fluid.2017.04.014#d2#p1,10.1016/j.fluid.2017.04.014,Closed cell (Static) method,298.0,35.1,36.226261351701034,3.2087217997180404,8,283.6,313.1,0.0029248172357643396,descriptive_approximate_CC_diagnostic_not_independence_or_accuracy_validation
rdr250199#csvline9065,"InChI=1S/C8H18/c1-7(2)6-8(3,4)5/h7H,6H2,1-5H3","2,2,4-trimethylpentane",['1979MAJ/SVO'],10.1016/j.fluid.2017.04.014#d2#p1,10.1016/j.fluid.2017.04.014,Closed cell (Static) method,313.0,34.3,35.274717753097555,2.8417427204010433,8,293.4,323.0,0.0020782216311144137,descriptive_approximate_CC_diagnostic_not_independence_or_accuracy_validation
rdr250199#csvline9070,"InChI=1S/C8H18/c1-7(2)6-8(3,4)5/h7H,6H2,1-5H3","2,2,4-trimethylpentane",['1947OSB/GIN'],10.1016/j.fluid.2017.04.014#d2#p1,10.1016/j.fluid.2017.04.014,Closed cell (Static) method,298.0,35.1,36.226261351701034,3.2087217997180404,8,283.6,313.1,0.0029248172357643396,descriptive_approximate_CC_diagnostic_not_independence_or_accuracy_validation
rdr250199#csvline9112,"InChI=1S/C8H18O/c1-7(2)6-9-8(3,4)5/h7H,6H2,1-5H3",tert-butyl isobutyl ether,['2002VAR/AIT'],10.1021/je0255980#d3#p1,10.1021/je0255980,TRANSPIR:UFactor:2:dPV:2%,298.0,39.2,41.885351112864775,6.850385492001969,18,278.5,308.4,0.012180946683912293,descriptive_approximate_CC_diagnostic_not_independence_or_accuracy_validation
rdr250199#csvline9114,"InChI=1S/C8H18O/c1-7(2)6-9-8(3,4)5/h7H,6H2,1-5H3",tert-butyl isobutyl ether,['1991SHA/MIS'],10.1021/je0255980#d3#p1,10.1021/je0255980,TRANSPIR:UFactor:2:dPV:2%,298.0,40.1,41.885351112864775,4.452247164251307,18,278.5,308.4,0.012180946683912293,descriptive_approximate_CC_diagnostic_not_independence_or_accuracy_validation
rdr250199#csvline9182,"InChI=1S/C8H18O/c1-2-3-4-5-6-7-8-9/h9H,2-8H2,1H3",1-octanol,['1977MAN/SEL'],10.1021/je030168a#d2#p1,10.1021/je030168a,CCELL:UFactor:2,298.0,71.0,99.6692407526547,40.37921232768268,6,288.15,313.15,0.07848565158206765,descriptive_approximate_CC_diagnostic_not_independence_or_accuracy_validation
rdr250199#csvline9381,InChI=1S/C9H8N2/c1-2-5-9(6-3-1)11-8-4-7-10-11/h1-8H,1-phenylpyrazole,['2000RIB/RIB2'],10.1016/j.jct.2018.07.020#d16#p1,10.1016/j.jct.2018.07.020,Transpiration method,298.0,70.2,64.47737761115094,-8.151883744799232,6,294.2,315.0,0.00619951147097253,descriptive_approximate_CC_diagnostic_not_independence_or_accuracy_validation
rdr250199#csvline9395,"InChI=1S/C9H9N/c1-10-7-6-8-4-2-3-5-9(8)10/h2-7H,1H3",1-methylindole,['2009RIB/CAB2'],10.1016/j.jct.2014.04.026#d11#p1,10.1016/j.jct.2014.04.026,Closed cell (Static) method,298.0,62.2,61.80957289873712,-0.6276963042811571,21,278.42,316.14,0.0016787964803817146,descriptive_approximate_CC_diagnostic_not_independence_or_accuracy_validation
rdr250199#csvline9776,"InChI=1S/C9H16O2/c1-2-9(10)11-8-6-4-3-5-7-8/h8H,2-7H2,1H3",cyclohexyl propanoate,"['2004PAU/ZAI', '2003ZAI/VER']",10.1021/je025634v#d8#p1,10.1021/je025634v,Transpiration method,298.0,55.9,54.48578043456473,-2.5299097771650585,18,278.7,313.2,0.005174500067636805,descriptive_approximate_CC_diagnostic_not_independence_or_accuracy_validation
rdr250199#csvline9914,"InChI=1S/C9H18O/c1-3-5-7-9(10)8-6-4-2/h3-8H2,1-2H3",5-nonanone,['1970HAR/HEA'],10.1016/j.fluid.2014.11.026#d1#p1,10.1016/j.fluid.2014.11.026,Closed cell (Static) method,298.0,53.3,54.81500379699687,2.84240862475961,23,283.83,317.81,0.002136155855384012,descriptive_approximate_CC_diagnostic_not_independence_or_accuracy_validation
rdr250199#csvline10071,"InChI=1S/C9H20O/c1-2-3-4-5-6-7-8-9-10/h10H,2-9H2,1H3",1-nonanol,['1977MAN/SEL'],10.1021/je049561m#d3#p1,10.1021/je049561m,Transpiration method,298.0,76.9,73.99079404575225,-3.7831026713234754,10,288.2,317.2,0.011178227053481834,descriptive_approximate_CC_diagnostic_not_independence_or_accuracy_validation
rdr250199#csvline10618,"InChI=1S/C10H14O/c1-6-4-9(11)8-5-7(6)10(8,2)3/h4,7-8H,5H2,1-3H3/t7-,8+/m0/s1","(1S,5S)-4,6,6-trimethylbicyclo[3.1.1]hept-3-en-2-one ((-)-verbenone)",['2013STE/FUL'],10.1016/j.jct.2013.01.009#d20#p1,10.1016/j.jct.2013.01.009,Closed cell (Static) method,298.0,58.9,58.98757600301956,0.14868591344577858,9,278.15,308.16,0.002128328985077683,descriptive_approximate_CC_diagnostic_not_independence_or_accuracy_validation
rdr250199#csvline10686,"InChI=1S/C10H16/c1-8(2)10-6-4-9(3)5-7-10/h4,10H,1,5-7H2,2-3H3/t10-/m1/s1",(l)-limonene,['1987ATI/SAI'],10.1016/j.jct.2014.04.022#d13#p1,10.1016/j.jct.2014.04.022,Closed cell (Static) method,298.0,49.0,49.70578671991392,1.4403810610488097,7,278.15,308.15,0.0018316851692318688,descriptive_approximate_CC_diagnostic_not_independence_or_accuracy_validation
rdr250199#csvline10839,"InChI=1S/C10H18O2/c1-2-6-10(11)12-9-7-4-3-5-8-9/h9H,2-8H2,1H3",cyclohexyl butyrate,['2004PAU/ZAI'],10.1021/je025634v#d11#p1,10.1021/je025634v,Transpiration method,298.0,60.0,58.74856221315073,-2.0857296447487883,18,278.0,313.2,0.009104422596644844,descriptive_approximate_CC_diagnostic_not_independence_or_accuracy_validation
rdr250199#csvline10840,"InChI=1S/C10H18O2/c1-2-6-10(11)12-9-7-4-3-5-8-9/h9H,2-8H2,1H3",cyclohexyl butyrate,['2003ZAI/VER'],10.1021/je025634v#d11#p1,10.1021/je025634v,Transpiration method,298.0,60.1,58.74856221315073,-2.248648563809109,18,278.0,313.2,0.009104422596644844,descriptive_approximate_CC_diagnostic_not_independence_or_accuracy_validation
rdr250199#csvline11044,"InChI=1S/C10H22/c1-3-5-7-9-10-8-6-4-2/h3-10H2,1-2H3",decane,['1996VIT/CHA'],10.1021/acs.jced.6b00523#d3#p1,10.1021/acs.jced.6b00523,Closed cell (Static) method,299.0,51.5,51.54009997296614,0.07786402517696955,19,279.78,315.21,0.002949440416666479,descriptive_approximate_CC_diagnostic_not_independence_or_accuracy_validation
rdr250199#csvline11045,"InChI=1S/C10H22/c1-3-5-7-9-10-8-6-4-2/h3-10H2,1-2H3",decane,['1996VIT/CHA'],10.1021/acs.jced.6b00523#d3#p1,10.1021/acs.jced.6b00523,Closed cell (Static) method,314.0,50.5,50.26806479393081,-0.45927763578057107,19,294.67,331.93,0.0027154574975759432,descriptive_approximate_CC_diagnostic_not_independence_or_accuracy_validation
rdr250199#csvline11046,"InChI=1S/C10H22/c1-3-5-7-9-10-8-6-4-2/h3-10H2,1-2H3",decane,['1996VIT/CHA'],10.1021/acs.jced.6b00523#d3#p1,10.1021/acs.jced.6b00523,Closed cell (Static) method,324.0,50.1,49.72525240810796,-0.7479991854132508,14,307.33,331.93,0.001545870385178769,descriptive_approximate_CC_diagnostic_not_independence_or_accuracy_validation
rdr250199#csvline11059,"InChI=1S/C10H22/c1-3-5-7-9-10-8-6-4-2/h3-10H2,1-2H3",decane,['1982FUR/SAK'],10.1021/acs.jced.6b00523#d3#p1,10.1021/acs.jced.6b00523,Closed cell (Static) method,298.0,51.4,51.54009997296614,0.27256804079015706,19,279.78,315.21,0.002949440416666479,descriptive_approximate_CC_diagnostic_not_independence_or_accuracy_validation
rdr250199#csvline11063,"InChI=1S/C10H22/c1-3-5-7-9-10-8-6-4-2/h3-10H2,1-2H3",decane,['1963MOR/SUN'],10.1021/acs.jced.6b00523#d3#p1,10.1021/acs.jced.6b00523,Closed cell (Static) method,298.0,50.2,51.54009997296614,2.6695218584982796,19,279.78,315.21,0.002949440416666479,descriptive_approximate_CC_diagnostic_not_independence_or_accuracy_validation
rdr250199#csvline11064,"InChI=1S/C10H22/c1-3-5-7-9-10-8-6-4-2/h3-10H2,1-2H3",decane,['1947OSB/GIN'],10.1021/acs.jced.6b00523#d3#p1,10.1021/acs.jced.6b00523,Closed cell (Static) method,298.0,51.4,51.54009997296614,0.27256804079015706,19,279.78,315.21,0.002949440416666479,descriptive_approximate_CC_diagnostic_not_independence_or_accuracy_validation
rdr250199#csvline11453,"InChI=1S/C11H20O2/c1-2-3-9-11(12)13-10-7-5-4-6-8-10/h10H,2-9H2,1H3",Cyclohexyl valerate,"['2004PAU/ZAI', '2003ZAI/VER']",10.1021/je025634v#d14#p1,10.1021/je025634v,TRANSPIR:UFactor:2,298.0,63.7,59.390979918680834,-6.764552717926481,16,293.2,317.2,0.009286537275398824,descriptive_approximate_CC_diagnostic_not_independence_or_accuracy_validation
rdr250199#csvline12300,"InChI=1S/C12H24O2/c1-3-5-6-7-8-9-10-11-12(13)14-4-2/h3-11H2,1-2H3",Ethyl decanoate,['2009ZAI/PAU'],10.1021/je900093h#d10#p1,10.1021/je900093h,Calculated from knudsen effusion weight loss,305.0,69.9,69.16078566538344,-1.0575312369335657,8,293.77,323.24,0.005113248136350274,descriptive_approximate_CC_diagnostic_not_independence_or_accuracy_validation
rdr250199#csvline13145,"InChI=1S/C14H30/c1-3-5-7-9-11-13-14-12-10-8-6-4-2/h3-14H2,1-2H3",Tetradecane,['1996VIT/CHA'],10.1021/acs.jced.7b00099#d4#p1,10.1021/acs.jced.7b00099,Closed cell (Static) method,359.0,65.7,65.73308042602137,0.0503507245378555,7,351.75,373.15,0.0016899779751732402,descriptive_approximate_CC_diagnostic_not_independence_or_accuracy_validation
rdr250199#csvline13252,"InChI=1S/C15H16/c1-12(2)14-9-6-10-15(11-14)13-7-4-3-5-8-13/h3-12H,1-2H3",3-isopropylbiphenyl,['2015PAS/MIR'],10.1016/j.fluid.2012.08.020#d10#p1,10.1016/j.fluid.2012.08.020,Transpiration method,323.0,74.3,73.74730037601452,-0.7438756715820665,24,312.9,342.3,0.020444576575970298,descriptive_approximate_CC_diagnostic_not_independence_or_accuracy_validation
rdr250199#csvline13253,"InChI=1S/C15H16/c1-12(2)14-9-6-10-15(11-14)13-7-4-3-5-8-13/h3-12H,1-2H3",3-isopropylbiphenyl,['2015PAS/MIR'],10.1016/j.fluid.2012.08.020#d10#p1,10.1016/j.fluid.2012.08.020,Transpiration method,333.0,73.2,73.47101158829643,0.3702344102410269,30,313.3,351.3,0.019442310829360494,descriptive_approximate_CC_diagnostic_not_independence_or_accuracy_validation
rdr250199#csvline13254,"InChI=1S/C15H16/c1-12(2)14-9-6-10-15(11-14)13-7-4-3-5-8-13/h3-12H,1-2H3",3-isopropylbiphenyl,['2015PAS/MIR'],10.1016/j.fluid.2012.08.020#d10#p1,10.1016/j.fluid.2012.08.020,Transpiration method,343.0,72.4,73.47902813906221,1.490370357820722,28,323.3,358.2,0.019527458191578462,descriptive_approximate_CC_diagnostic_not_independence_or_accuracy_validation
rdr250199#csvline13255,"InChI=1S/C15H16/c1-12(2)14-9-6-10-15(11-14)13-7-4-3-5-8-13/h3-12H,1-2H3",3-isopropylbiphenyl,['2015PAS/MIR'],10.1016/j.fluid.2012.08.020#d10#p1,10.1016/j.fluid.2012.08.020,Transpiration method,353.0,71.6,71.50241182225506,-0.13629633763259608,21,333.3,358.2,0.01294798810840637,descriptive_approximate_CC_diagnostic_not_independence_or_accuracy_validation
rdr250199#csvline16407,"InChI=1S/C8H9NO2/c1-11-8(10)6-4-2-3-5-7(6)9/h2-5H,9H2,1H3",Methyl anthranilate,['2021FRE/SIL'],10.1016/j.jct.2012.04.006#d12#p1,10.1016/j.jct.2012.04.006,Closed cell (Static) method,298.0,70.7,67.03905570044168,-5.178139037564814,13,292.33,316.15,0.0028912150820768904,descriptive_approximate_CC_diagnostic_not_independence_or_accuracy_validation
